question_id,dominant_topic
q8098,12
q8074,14
q176,14
q1279,17
q6363,2
q3670,8
q3788,6
q3815,16
q6119,9
q5019,5
q6753,13
q5060,2
q4886,12
q6035,4
q10208,5
q5084,4
q4275,16
q6255,16
q8996,19
q4210,14
q6189,16
q695,10
q712,17
q571,6
q295,15
q1348,17
q1002,7
q661,12
q11249,12
q1323,17
q2067,17
q2068,0
q2069,17
q3411,12
q3412,17
q3413,17
q2991,10
q2992,12
q2993,10
q2628,11
q2629,10
q2630,0
q4555,2
q4178,19
q4761,19
q6185,8
q6243,9
q6442,4
q6949,8
q6950,3
q6951,10
q6952,13
q7335,5
q7336,3
q7337,1
q7338,2
q1111,12
q1148,17
q519,18
q289,6
q405,18
q614,17
q1098,17
q913,6
q205,12
q807,17
q650,17
q1236,17
q458,17
q1340,12
q963,6
q512,6
q709,17
q1180,18
q1271,17
q1290,17
q514,6
q958,10
q362,10
q71,1
q8095,0
q161,12
q43,12
q8153,14
q8061,12
q95,12
q146,14
q131,12
q154,14
q8050,12
q129,12
q8110,12
q163,11
q8111,1
q8058,12
q116,12
q185,14
q8128,12
q8126,14
q8103,12
q8063,14
q8052,0
q166,11
q189,12
q8143,12
q100,12
q8077,12
q8134,14
q47,12
q8124,14
q53,12
q1,1
q1015,12
q654,17
q2319,12
q2320,17
q2321,17
q2175,12
q2176,17
q2177,0
q2154,15
q2155,12
q2156,0
q1749,11
q1750,11
q1751,0
q1887,15
q1888,17
q1889,10
q1728,12
q1729,14
q1730,0
q1869,12
q1870,10
q1871,0
q1797,12
q1798,0
q1799,0
q1941,12
q1942,0
q1943,0
q1683,15
q1684,12
q1685,0
q1773,17
q1774,0
q1775,17
q2559,12
q2560,0
q2561,17
q1215,6
q315,17
q1167,15
q197,17
q414,15
q1396,17
q876,12
q1389,10
q416,10
q6440,3
q4131,4
q237,6
q4526,3
q6335,12
q5286,12
q4820,14
q6502,7
q5767,19
q6550,12
q836,17
q424,17
q498,17
q1012,6
q469,10
q636,7
q1325,18
q711,17
q510,15
q598,17
q1067,10
q444,10
q1288,17
q591,10
q1194,7
q639,6
q419,15
q789,7
q681,17
q1182,6
q754,10
q1378,15
q219,12
q570,6
q997,12
q5459,19
q4765,19
q4099,8
q5329,3
q4288,3
q4698,4
q4597,4
q5322,8
q6242,3
q6390,17
q5741,19
q5280,16
q4505,19
q5342,17
q4300,16
q5058,13
q5395,19
q5769,9
q5676,14
q5683,1
q5381,3
q3967,8
q4262,19
q4645,4
q5667,3
q6466,12
q4438,8
q4822,4
q4283,8
q4324,5
q5328,3
q5390,16
q3931,14
q4536,8
q9592,9
q6732,2
q4821,8
q8170,14
q16,0
q187,12
q162,12
q34,12
q4200,6
q3756,19
q4476,17
q3935,17
q4199,3
q3947,5
q4470,6
q6469,18
q4565,16
q5560,3
q6332,3
q3795,15
q5186,5
q5318,16
q5595,16
q4490,3
q4877,9
q6724,8
q3928,9
q4591,19
q4791,3
q5220,8
q4113,2
q4498,19
q6101,19
q6497,3
q4280,8
q5049,14
q4096,18
q3625,5
q65,12
q188,5
q192,12
q24,14
q8053,14
q5785,6
q3678,13
q5909,0
q4189,18
q5624,19
q5524,4
q5757,16
q3909,3
q4920,8
q10048,19
q103,12
q8057,12
q8065,12
q111,12
q8172,0
q8140,12
q8181,12
q149,12
q38,12
q7,14
q15,12
q10,14
q135,12
q190,14
q56,12
q32,12
q108,14
q9471,4
q5267,10
q4474,2
q4601,17
q8545,13
q5056,2
q5330,9
q4153,9
q8189,5
q4747,6
q5362,19
q8080,1
q195,0
q8056,12
q8054,14
q183,12
q8125,14
q49,14
q170,12
q8086,12
q8075,12
q8096,12
q8099,12
q8131,14
q66,5
q186,12
q8105,12
q8112,1
q175,14
q13,12
q99,14
q1181,17
q334,17
q605,18
q1160,17
q1285,18
q778,12
q536,18
q1349,17
q477,12
q210,11
q957,18
q1005,18
q769,17
q3921,9
q276,15
q1295,12
q384,12
q4521,7
q5575,8
q6402,8
q6394,8
q4114,5
q8690,9
q4492,9
q1315,18
q4291,3
q4607,19
q4617,8
q6173,8
q5135,5
q4045,19
q6507,8
q3655,2
q3767,15
q4484,18
q9671,13
q5442,19
q4494,8
q5257,5
q8907,19
q5746,2
q8687,14
q6740,19
q8837,17
q5406,4
q10274,5
q5662,16
q4500,19
q4517,12
q8196,8
q1050,18
q670,15
q543,17
q11261,12
q198,7
q926,6
q764,17
q11259,12
q954,7
q1185,17
q287,15
q11262,12
q600,6
q648,12
q478,15
q11263,12
q698,17
q534,15
q5580,3
q4901,12
q3665,14
q8611,8
q5511,4
q9828,9
q5082,9
q355,18
q1210,17
q406,6
q587,18
q1291,6
q677,7
q1108,18
q393,18
q848,17
q4193,13
q5731,19
q10119,8
q5680,13
q6015,16
q8740,16
q4129,8
q4632,9
q10191,8
q250,18
q814,6
q1106,7
q854,17
q970,18
q1388,17
q474,7
q1392,15
q767,17
q4181,17
q5231,3
q4495,8
q5305,2
q5416,4
q4304,7
q5516,4
q9106,5
q5687,3
q3692,8
q278,6
q569,17
q1227,17
q1052,18
q506,12
q722,6
q281,12
q455,6
q1244,15
q1379,17
q5648,12
q10145,13
q6454,9
q4402,1
q5339,16
q9086,19
q6056,4
q5348,2
q9578,5
q10327,4
q550,17
q1041,10
q927,15
q678,18
q881,12
q1193,6
q1156,7
q749,17
q457,17
q540,12
q853,7
q866,12
q1367,18
q1330,6
q431,17
q693,15
q485,15
q1161,17
q603,6
q5073,16
q9006,19
q6393,8
q5338,9
q4627,9
q9448,13
q847,6
q1345,6
q803,6
q223,18
q415,17
q734,12
q1155,17
q1198,17
q267,10
q886,18
q4468,19
q9841,13
q4729,12
q4316,6
q5591,0
q10279,8
q5781,14
q4805,16
q5652,3
q8926,18
q715,15
q254,18
q618,18
q955,17
q1342,18
q403,12
q714,6
q1229,7
q948,18
q6168,5
q5783,14
q8474,5
q9514,8
q4042,9
q6377,13
q5744,2
q8795,5
q5250,7
q5732,9
q200,17
q224,7
q1070,15
q887,12
q266,17
q915,7
q776,6
q217,17
q726,6
q6230,8
q9682,13
q3914,8
q4600,17
q4001,19
q10324,8
q4360,16
q5066,16
q6017,19
q9784,5
q270,15
q696,12
q940,6
q263,17
q1373,17
q1034,17
q621,17
q436,15
q236,12
q326,17
q5739,3
q6224,18
q9869,5
q4537,2
q4410,16
q5336,16
q9810,2
q5941,3
q5071,16
q243,10
q1297,17
q1087,15
q975,15
q1376,17
q673,7
q1107,17
q875,15
q932,6
q589,12
q8120,12
q157,12
q52,12
q51,12
q8094,12
q153,12
q105,12
q109,12
q8169,12
q26,14
q184,0
q5,12
q8182,12
q46,14
q173,14
q101,12
q1233,6
q358,15
q482,6
q1252,17
q935,17
q841,18
q933,17
q1238,7
q325,18
q823,6
q541,7
q731,17
q1286,15
q500,17
q830,12
q356,15
q784,17
q545,18
q1104,17
q1261,15
q773,17
q921,18
q522,6
q1088,7
q1037,7
q1368,6
q67,12
q8097,14
q8116,12
q92,12
q8167,12
q33,12
q8122,12
q5281,16
q6362,0
q5761,19
q10230,3
q4272,9
q5971,3
q9868,8
q5331,9
q6141,16
q8624,5
q6091,16
q4804,9
q5289,12
q10099,8
q5407,19
q4348,4
q3730,19
q9012,18
q6518,0
q4222,4
q4172,14
q8906,19
q4219,4
q4529,10
q4478,2
q10205,4
q5041,4
q6494,7
q5307,2
q9078,15
q8417,2
q6191,8
q9748,3
q3791,4
q5780,2
q4767,6
q8760,13
q4163,19
q5603,3
q9711,8
q5437,4
q4487,8
q9387,9
q3910,19
q6511,16
q8668,16
q10302,5
q4706,4
q5219,10
q10064,5
q4564,16
q5736,19
q4480,18
q10323,19
q6182,2
q6322,2
q5585,8
q8800,13
q4297,5
q4507,9
q5391,16
q8939,19
q6748,19
q3997,16
q4775,14
q8707,9
q4512,16
q5468,4
q3952,5
q9023,3
q3804,15
q6103,8
q5536,3
q8979,9
q5929,14
q4031,17
q9812,2
q6523,3
q5255,4
q5689,5
q9402,2
q4533,5
q5415,19
q3943,5
q8834,17
q8656,16
q5754,5
q9686,8
q5593,16
q6222,18
q5245,16
q8746,12
q5062,6
q4557,9
q5681,9
q9171,8
q5233,7
q4744,8
q4473,6
q9738,13
q6058,16
q4467,19
q4833,3
q9457,8
q3829,4
q6163,16
q8527,5
q6088,9
q5323,8
q9703,5
q5070,12
q9974,5
q4421,16
q3888,5
q4510,19
q9947,8
q5100,5
q4710,4
q5998,3
q9453,8
q8482,19
q6397,8
q6536,9
q8523,8
q5094,16
q4013,5
q10177,13
q5401,16
q5398,2
q8719,14
q4403,1
q9687,13
q5264,14
q3682,8
q9830,13
q3915,2
q5762,8
q9380,9
q4766,4
q6432,4
q8536,5
q3689,9
q9638,19
q5738,19
q9366,12
q9628,19
q6112,16
q9708,8
q9612,9
q9831,8
q5735,19
q10065,5
q4146,12
q6147,9
q10258,8
q6043,16
q4483,7
q5596,8
q10001,8
q3782,16
q6073,10
q5327,8
q9549,3
q4277,7
q6192,16
q9397,3
q5256,19
q6521,9
q5740,19
q8633,5
q4872,9
q5458,4
q9606,9
q10262,5
q5488,15
q6337,12
q9128,8
q5262,19
q5765,12
q8507,13
q5221,10
q4785,9
q8810,3
q6351,2
q9774,16
q4754,9
q4166,8
q4115,16
q9532,2
q6425,8
q5784,14
q10312,19
q4544,3
q3770,2
q3691,1
q10311,4
q4519,19
q4370,3
q3774,6
q8501,8
q4030,2
q5507,19
q10186,8
q4518,12
q4035,18
q5537,0
q10256,8
q3989,8
q4338,8
q6501,7
q8813,7
q6201,9
q6378,13
q6333,19
q8982,9
q5669,19
q6399,8
q9516,8
q5854,8
q9713,13
q4592,19
q5393,19
q4659,4
q9123,13
q6180,8
q3838,16
q8698,16
q9797,5
q5230,14
q9957,4
q4053,5
q5737,19
q5251,7
q8824,19
q5238,16
q4388,16
q9361,16
q3700,8
q4530,3
q5057,14
q9786,4
q4137,9
q3911,3
q3798,15
q9174,13
q5218,3
q6111,8
q9892,5
q5337,16
q5764,16
q5078,19
q8619,8
q6063,7
q986,17
q685,17
q808,7
q6977,4
q6979,8
q6980,10
q6978,4
q8524,13
q3699,10
q5665,7
q4319,6
q10081,8
q8460,2
q5405,16
q6042,4
q9160,5
q4055,19
q6742,8
q5316,7
q9053,8
q5636,8
q4432,8
q5044,19
q10263,8
q6474,9
q3802,15
q6444,8
q9573,2
q6982,0
q6983,2
q6981,5
q6984,10
q5237,2
q6179,13
q9404,2
q4554,2
q4318,12
q4230,4
q539,15
q973,10
q280,18
q763,15
q581,17
q739,17
q1224,15
q4162,3
q4578,5
q307,17
q297,6
q1131,7
q516,12
q1391,17
q359,18
q1060,12
q509,7
q3828,16
q4076,4
q3690,16
q9359,12
q5242,3
q4446,16
q3926,17
q17315,13
q5475,16
q8152,0
q10965,12
q8179,14
q11230,12
q84,0
q136,12
q5258,16
q5517,15
q8717,9
q4344,16
q5632,9
q9550,19
q5487,4
q4559,19
q17135,16
q5061,14
q4619,16
q6129,9
q5846,16
q8801,5
q5065,19
q3121,0
q3120,0
q3122,0
q3484,17
q3483,17
q3485,17
q3074,14
q3072,12
q3073,0
q3049,10
q3048,10
q3050,10
q3041,0
q3040,11
q3039,15
q6830,1
q6831,1
q6832,1
q6829,5
q6898,1
q6897,1
q6899,5
q6900,1
q6966,1
q6967,5
q6965,1
q6968,1
q8069,12
q11238,12
q8085,14
q11055,12
q31,1
q118,12
q11007,14
q4904,18
q10265,13
q5282,19
q4313,9
q10157,13
q6188,12
q10128,8
q5693,8
q5725,19
q9075,8
q6313,5
q10181,8
q4746,17
q3912,19
q6498,16
q9054,13
q6409,8
q9470,4
q5675,8
q8628,8
q1336,17
q202,6
q959,18
q520,17
q335,12
q1165,12
q1003,12
q6479,8
q6725,2
q218,17
q5647,5
q5720,8
q3622,5
q5115,5
q5698,8
q6276,5
q4845,4
q8853,8
q4317,9
q8386,8
q404,6
q998,17
q1075,18
q984,6
q9773,19
q3695,9
q4040,18
q9928,13
q6508,8
q6187,3
q10180,13
q5504,4
q9543,3
q4688,4
q9185,13
q4038,18
q5930,0
q8923,8
q5394,19
q8647,8
q4047,19
q10164,13
q1084,15
q397,17
q1335,17
q1259,6
q774,18
q6194,10
q4648,4
q6186,3
q9653,19
q4596,4
q5498,4
q5272,10
q9777,15
q5482,15
q6477,8
q4568,13
q9519,8
q4161,6
q6254,2
q8535,8
q3919,8
q9922,13
q3831,19
q4569,13
q10175,13
q3985,9
q5050,14
q8625,13
q6221,18
q6330,3
q8644,8
q4603,2
q9837,13
q1316,10
q1115,17
q666,6
q692,12
q902,6
q1240,11
q583,12
q9488,5
q3898,10
q9092,8
q1292,6
q878,17
q758,15
q588,17
q9325,8
q4552,2
q5649,12
q4695,4
q5466,19
q6094,9
q10190,8
q6123,9
q9935,8
q5324,18
q6215,9
q8852,2
q6443,3
q9109,8
q5562,3
q4464,8
q5248,16
q9004,19
q4078,19
q6160,16
q10245,8
q9631,19
q9410,12
q4260,15
q4248,4
q10074,5
q952,17
q336,10
q439,12
q427,6
q422,6
q1000,6
q856,10
q982,6
q448,15
q447,6
q9879,8
q4475,14
q5651,2
q9823,9
q6338,9
q5052,14
q8514,13
q5685,8
q8666,7
q8589,4
q8682,8
q4924,3
q4127,3
q10113,8
q5691,8
q5103,9
q8804,3
q6183,3
q10018,19
q9949,8
q4493,9
q4870,4
q9690,8
q5547,0
q5333,9
q9415,14
q5414,4
q4084,16
q8590,4
q5625,4
q6450,8
q9911,13
q6340,19
q5360,19
q4058,16
q10299,13
q4548,0
q6387,13
q6114,16
q10086,8
q5722,8
q6503,8
q10278,8
q6499,8
q4089,9
q9462,8
q6431,9
q5040,4
q10106,19
q4582,9
q9458,8
q5161,2
q4777,16
q6509,9
q4883,9
q5266,8
q4803,4
q8821,19
q4758,16
q4315,3
q6413,4
q9939,8
q6486,2
q5630,7
q8200,4
q5308,2
q5222,4
q4602,2
q9795,16
q6156,12
q8445,5
q6355,2
q9856,5
q4450,2
q4520,19
q6539,4
q9497,3
q4336,8
q4514,12
q5396,19
q9056,5
q5246,10
q5417,19
q918,17
q4829,8
q5424,16
q5335,19
q4025,5
q5243,10
q8164,12
q8400,5
q4598,8
q3950,5
q5446,15
q8534,8
q6064,19
q4358,4
q8504,13
q5657,2
q4479,18
q10244,8
q5277,16
q4561,6
q10005,8
q6061,19
q4489,8
q8867,13
q3960,3
q9762,5
q5853,0
q6159,13
q8993,19
q6193,3
q6516,9
q9732,5
q3929,3
q10281,13
q4179,3
q5510,19
q9475,5
q4792,9
q6205,4
q9537,3
q4144,4
q6529,9
q10112,5
q5310,2
q4027,2
q3697,14
q10200,8
q4553,2
q4102,16
q8623,13
q6528,4
q17376,15
q6069,16
q9807,3
q4056,18
q5249,4
q5189,5
q3927,13
q6458,5
q4797,16
q6541,3
q3667,8
q10027,19
q6755,5
q4774,9
q3860,5
q6750,9
q6108,9
q5805,5
q6086,9
q377,7
q6278,5
q5577,3
q6372,13
q983,7
q5095,6
q98,12
q5385,4
q3884,5
q4124,2
q5010,5
q6301,5
q6148,5
q6359,3
q5709,8
q387,15
q3298,6
q3297,6
q3299,6
q2754,15
q2756,0
q2755,0
q1780,0
q1781,0
q1779,0
q9508,8
q5313,7
q5373,4
q9715,5
q5386,4
q4491,3
q17118,5
q3666,16
q5096,2
q5234,2
q4321,19
q10253,9
q1054,12
q1384,12
q566,17
q835,18
q740,17
q699,18
q1153,17
q1225,12
q423,17
q724,7
q968,12
q888,15
q1089,15
q283,17
q1267,15
q745,17
q1110,17
q8068,12
q8067,12
q10951,12
q41,12
q143,14
q2,12
q10969,14
q8109,12
q10977,14
q8165,12
q11242,14
q8161,12
q73,12
q8175,14
q11231,14
q8084,14
q10956,12
q141,12
q11217,14
q792,15
q1280,6
q949,18
q1250,17
q1143,18
q877,10
q1114,18
q905,17
q631,17
q285,15
q11086,14
q11,12
q10954,12
q123,14
q11170,12
q171,12
q122,12
q11148,12
q27,12
q121,0
q74,12
q11142,12
q112,12
q132,12
q259,17
q788,7
q825,6
q256,15
q1266,12
q291,17
q1076,18
q547,10
q11070,12
q8168,14
q8180,14
q11188,12
q4375,16
q643,18
q4502,5
q6382,13
q8695,9
q5756,5
q6369,13
q130,14
q3741,19
q6237,12
q3992,15
q4485,18
q4395,3
q5540,0
q489,15
q5976,3
q6294,2
q4879,4
q1365,18
q5776,14
q206,7
q4101,8
q4819,8
q4160,3
q6392,8
q6435,19
q4947,5
q360,18
q568,17
q503,18
q333,18
q523,15
q532,17
q601,6
q9432,13
q8411,5
q8842,1
q271,18
q1213,10
q1260,17
q861,17
q1385,10
q18014,15
q1103,17
q6045,16
q4793,4
q4961,5
q5843,3
q6731,8
q4310,15
q6472,8
q626,6
q609,18
q1258,15
q1147,17
q9919,13
q4691,4
q1211,15
q5815,5
q9580,9
q5091,2
q4914,8
q4730,5
q4111,16
q5104,16
q401,17
q4800,3
q4852,4
q3799,4
q6327,3
q8154,12
q5659,16
q5957,3
q9641,19
q4599,8
q3633,5
q456,12
q729,18
q684,17
q245,17
q1175,15
q312,17
q1159,12
q1112,6
q554,15
q732,18
q507,17
q822,10
q652,7
q561,18
q1360,15
q655,17
q1086,18
q5265,8
q4771,9
q10042,19
q78,14
q8473,5
q9845,13
q9937,8
q10034,19
q394,15
q5326,16
q4169,8
q5320,8
q5365,19
q5247,4
q3944,5
q6178,13
q4151,5
q4043,18
q9576,9
q6290,5
q3786,15
q6759,13
q3793,4
q5039,19
q5055,9
q3871,5
q4528,10
q380,18
q368,6
q6858,5
q6857,1
q6860,1
q6859,1
q6888,10
q6887,2
q6885,14
q6886,13
q6687,3
q6686,13
q6685,8
q6688,10
q11112,12
q158,12
q8133,14
q11131,12
q11140,14
q8162,0
q1257,15
q762,12
q2117,0
q2115,15
q2116,12
q1748,0
q1747,14
q1746,17
q2484,11
q2485,11
q2486,11
q10627,10
q10628,16
q10626,5
q10629,8
q6854,5
q6855,10
q6853,8
q6856,4
q10644,13
q10642,16
q10643,2
q10645,10
q10823,4
q10822,10
q10821,13
q10820,7
q4098,9
q6534,8
q11095,12
q3,12
q8157,12
q11105,12
q735,18
q2090,0
q2089,17
q2088,12
q1759,10
q1760,0
q1758,12
q2131,12
q2130,15
q2132,0
q59,14
q11014,14
q145,12
q8142,12
q10984,12
q8114,12
q6920,1
q6919,1
q6917,1
q6918,1
q6940,1
q6938,1
q6937,1
q6939,1
q9153,5
q10318,2
q5454,4
q3428,15
q3427,0
q3426,15
q3550,12
q3549,15
q3551,10
q2671,12
q2672,18
q2670,18
q1667,17
q1666,17
q1665,12
q160,12
q8108,14
q11083,0
q9167,13
q5646,2
q63,12
q8176,12
q11158,12
q1055,17
q10049,19
q5197,5
q5293,0
q5003,5
q5453,16
q6143,8
q6722,8
q4014,13
q9642,19
q10107,14
q4091,4
q5341,17
q8704,9
q4790,9
q4563,2
q8843,5
q5635,16
q9678,13
q5566,16
q4158,19
q10289,8
q421,6
q1121,15
q981,18
q317,17
q412,7
q1010,17
q992,17
q962,18
q977,12
q491,15
q497,10
q1217,17
q1168,7
q5051,14
q4282,2
q5004,9
q9327,19
q8425,8
q971,6
q399,7
q346,15
q1212,7
q960,17
q1301,7
q8554,13
q4231,4
q3906,3
q4198,8
q8768,13
q597,17
q1243,10
q203,18
q741,18
q6480,5
q8594,16
q5786,9
q5759,9
q5987,8
q8859,13
q4190,5
q3899,0
q5520,19
q5772,6
q4246,15
q10227,3
q6097,8
q4539,8
q8576,8
q3812,2
q1105,15
q994,17
q385,17
q690,7
q470,17
q3763,19
q9559,19
q6524,8
q5043,19
q5760,8
q9161,13
q9389,14
q3901,8
q4769,2
q8883,5
q5664,3
q5079,2
q5849,8
q8990,2
q3953,5
q721,15
q301,15
q1063,6
q813,7
q6323,2
q9098,15
q9851,8
q5223,16
q10310,13
q463,18
q1073,17
q242,17
q1101,17
q1294,17
q1154,10
q751,6
q1393,18
q6053,16
q4187,2
q8705,9
q6352,2
q647,6
q314,17
q713,18
q985,6
q890,6
q230,17
q1326,15
q5650,12
q8508,13
q8630,8
q6177,18
q4540,12
q8918,8
q5369,4
q9955,8
q5678,3
q6074,5
q8605,8
q4386,16
q6452,4
q8959,3
q6258,8
q9103,9
q411,15
q542,7
q1014,6
q1253,6
q947,6
q221,18
q1241,17
q5666,9
q3764,15
q8492,13
q8703,9
q6034,4
q9436,13
q4680,4
q9112,5
q8822,19
q342,6
q728,12
q657,12
q1119,15
q494,18
q376,17
q220,7
q922,17
q546,15
q920,17
q1283,17
q659,6
q398,17
q8509,13
q6139,3
q4311,8
q9761,5
q5768,16
q9336,16
q5682,1
q8953,8
q4508,19
q4192,4
q5067,2
q5287,12
q9165,13
q6067,9
q5724,19
q309,10
q374,7
q993,18
q1400,6
q1097,18
q1071,17
q212,17
q686,18
q5713,4
q6062,3
q5492,4
q5284,19
q6749,13
q9965,5
q6345,19
q4535,8
q8530,5
q6517,9
q4732,9
q8943,19
q4028,2
q3847,4
q8207,13
q4615,19
q3676,13
q4202,5
q9702,8
q1068,6
q790,6
q329,18
q1135,7
q350,6
q1116,15
q552,18
q1176,10
q1019,18
q656,17
q4865,9
q4631,9
q3759,16
q4469,6
q9203,13
q6504,16
q273,12
q838,15
q608,12
q805,15
q388,12
q914,6
q1051,17
q1125,18
q4180,15
q8956,9
q6287,5
q6261,19
q4516,12
q8777,13
q10196,8
q880,17
q1179,12
q674,7
q837,15
q1018,15
q936,6
q3808,16
q5743,2
q8392,5
q5429,15
q6225,18
q818,6
q1249,12
q9183,13
q5778,14
q6060,14
q3973,8
q5274,4
q3688,9
q5345,17
q8895,13
q4112,13
q5097,3
q9847,13
q5532,0
q3776,4
q8371,9
q4849,8
q4630,9
q8700,8
q4796,5
q4299,4
q5309,2
q3966,8
q9693,8
q6184,12
q5777,14
q9022,2
q4328,5
q5110,4
q4894,19
q9598,8
q5400,18
q9016,16
q5093,0
q4205,19
q9178,5
q5787,2
q4065,3
q5285,16
q6120,14
q4509,19
q9801,8
q4839,9
q8793,5
q5206,2
q3684,10
q6733,1
q8866,13
q3942,5
q3983,9
q9151,5
q5045,6
q9588,9
q8211,9
q9546,2
q8378,8
q5836,16
q6514,9
q8789,5
q3755,4
q8455,2
q10075,5
q5150,2
q9443,13
q9003,7
q9201,13
q5694,10
q5227,9
q9805,3
q5034,19
q4558,19
q10076,5
q4734,16
q10004,8
q5568,3
q9579,3
q3955,5
q10194,8
q3745,19
q6738,15
q4704,4
q9867,5
q4545,2
q5742,2
q10217,5
q6334,19
q3659,19
q8709,9
q5392,16
q3811,16
q9772,4
q3923,16
q4753,4
q6419,5
q6210,8
q4106,15
q4757,2
q4002,19
q3768,4
q9942,8
q5340,17
q298,17
q8529,8
q6353,2
q5321,8
q10248,8
q5463,16
q9824,9
q5519,4
q9848,5
q4196,16
q5951,0
q8632,5
q10044,19
q4023,2
q10213,5
q5388,16
q9788,8
q5747,3
q9766,5
q5773,6
q4749,19
q10222,5
q10011,19
q5325,18
q9145,8
q5334,9
q5639,15
q4143,5
q4633,9
q5515,4
q5525,4
q6441,19
q6115,19
q6021,4
q10319,3
q5839,3
q9489,5
q5438,19
q8636,8
q4353,14
q5660,16
q9094,16
q6144,9
q4176,14
q9956,4
q4320,6
q6433,16
q9139,13
q5699,8
q10284,13
q6008,16
q10197,8
q9187,8
q4367,16
q5656,14
q3959,3
q9608,7
q5677,14
q5503,4
q400,6
q1134,17
q1395,7
q10072,5
q4472,14
q5304,2
q9369,12
q5236,4
q4609,19
q6407,8
q862,17
q910,6
q551,10
q253,7
q215,15
q1269,6
q1308,7
q5763,6
q3751,15
q9442,13
q5895,9
q10130,5
q999,18
q839,6
q1341,7
q1305,10
q505,7
q227,17
q820,15
q868,17
q435,17
q1351,6
q361,17
q638,15
q1302,15
q824,17
q4258,15
q4018,9
q9349,16
q6190,2
q9946,8
q9117,8
q4294,9
q6175,16
q5053,14
q9785,4
q6125,9
q5526,16
q632,17
q8653,8
q8727,17
q5072,16
q5730,8
q911,17
q991,6
q885,17
q495,10
q445,10
q1274,18
q1162,18
q556,6
q879,17
q995,10
q874,18
q238,17
q323,10
q214,7
q5069,16
q5283,16
q8791,13
q9084,14
q8825,19
q3754,4
q5594,0
q3687,8
q9067,13
q4830,19
q4122,7
q9591,9
q10293,13
q4546,9
q9066,8
q9339,16
q6329,3
q5658,16
q8606,8
q6149,19
q5397,2
q8708,9
q6066,4
q10272,5
q8658,7
q5332,9
q10087,8
q5432,15
q6436,13
q1346,18
q8401,5
q4343,8
q5389,16
q4504,5
q433,6
q4133,5
q4840,9
q1092,17
q5946,0
q6470,15
q5421,19
q4123,13
q6269,5
q4366,16
q6026,19
q4120,8
q5902,9
q4896,8
q4103,8
q5259,8
q4908,3
q213,6
q3710,19
q6446,13
q6379,13
q584,17
q6171,19
q562,7
q938,18
q801,17
q3916,6
q9454,8
q5433,19
q5718,5
q8205,8
q4527,14
q3792,4
q4139,5
q3814,15
q4913,5
q9611,9
q592,15
q4066,16
q4135,8
q5564,3
q5934,0
q4918,19
q115,12
q17,12
q660,15
q663,18
q781,12
q137,12
q11195,12
q126,5
q8147,12
q11128,12
q11052,12
q4168,5
q8921,16
q8436,5
q9114,13
q4748,4
q8720,14
q4968,4
q9734,8
q9836,8
q6321,2
q4029,17
q4843,19
q9768,12
q4387,16
q8728,17
q10280,13
q9125,13
q5748,3
q8775,5
q4340,16
q4856,9
q9166,13
q4249,15
q5645,8
q6495,16
q8879,13
q5048,14
q8827,19
q9857,5
q5185,5
q1202,6
q596,6
q1093,17
q870,7
q1671,15
q1672,12
q1673,0
q2343,11
q2344,11
q2345,11
q1479,17
q1480,17
q1481,0
q6837,9
q6838,15
q6839,10
q6840,19
q6889,1
q6890,1
q6891,5
q6892,1
q5054,14
q9816,6
q4970,5
q8568,8
q142,12
q8113,14
q10973,12
q11194,12
q77,14
q191,12
q36,12
q11068,12
q1133,17
q1079,12
q945,17
q701,12
q1184,7
q1178,17
q449,17
q275,15
q357,6
q1382,17
q917,12
q1080,6
q616,18
q1321,10
q1276,15
q389,17
q451,7
q1220,15
q811,7
q467,6
q479,6
q946,18
q1149,17
q1032,7
q425,18
q858,17
q1300,17
q707,10
q798,17
q437,7
q794,12
q1049,7
q772,18
q1803,15
q1804,12
q1805,0
q1575,12
q1576,10
q1577,17
q1881,12
q1882,10
q1883,17
q1641,12
q1642,0
q1643,17
q2250,12
q2251,17
q2252,0
q2583,12
q2584,0
q2585,17
q2052,12
q2053,15
q2054,11
q2016,12
q2017,0
q2018,0
q2256,12
q2257,17
q2258,0
q2490,17
q2491,17
q2492,17
q3294,17
q3295,17
q3296,0
q3081,15
q3082,17
q3083,14
q3591,17
q3592,17
q3593,0
q9991,8
q3862,5
q9979,5
q10864,10
q10865,0
q10866,13
q10867,19
q133,12
q134,12
q79,12
q11184,12
q1369,18
q1752,0
q1753,14
q1754,17
q1902,11
q1903,11
q1904,11
q3429,15
q3430,17
q3431,17
q7323,5
q7324,2
q7325,3
q7326,2
q8272,5
q8273,3
q8274,5
q8275,3
q8276,5
q5215,5
q4121,13
q4145,13
q4465,3
q3658,5
q6318,2
q6250,7
q6549,9
q9170,13
q8547,13
q6445,5
q6453,2
q8567,8
q4846,4
q5900,19
q5030,8
q4610,19
q5574,8
q8855,8
q6127,7
q5686,8
q9409,14
q6085,19
q3698,3
q4684,4
q8626,13
q4668,4
q9347,8
q5279,16
q10016,19
q4712,4
q4810,13
q5358,19
q5099,9
q5214,5
q8370,13
q5036,8
q3738,19
q1173,15
q1275,15
q226,17
q748,18
q718,7
q4194,13
q9148,13
q4428,16
q5960,8
q579,10
q327,7
q372,17
q504,17
q5573,0
q9902,8
q5972,0
q6548,14
q8992,19
q5108,5
q4989,5
q5788,5
q9945,8
q9333,16
q5031,14
q8823,19
q4203,8
q6071,8
q5500,4
q9507,8
q5996,8
q590,18
q502,15
q8403,5
q6054,4
q8694,9
q288,17
q6488,8
q6374,13
q4429,8
q3714,19
q8549,13
q8759,8
q6151,13
q4996,5
q4959,5
q4770,5
q744,7
q6312,5
q8174,12
q8076,12
q11143,12
q8173,12
q19,0
q10967,12
q8059,12
q18,12
q196,14
q1047,7
q842,15
q321,6
q1337,15
q351,10
q653,6
q303,15
q318,17
q756,17
q923,7
q11078,12
q8121,1
q114,1
q11177,12
q5379,8
q9668,5
q9141,8
q9854,8
q5064,16
q4646,4
q4838,14
q9765,8
q4100,17
q9043,8
q6747,4
q4511,16
q5953,0
q9455,8
q9976,5
q5530,8
q4276,17
q9047,8
q6496,16
q5892,5
q3775,19
q9555,18
q9147,5
q6383,13
q4157,16
q5696,13
q5609,8
q5346,2
q9910,13
q5477,4
q8929,19
q8933,17
q4062,7
q5452,4
q9726,8
q5612,9
q8494,5
q4524,19
q9381,9
q4032,2
q5476,4
q8948,3
q4574,8
q4440,8
q9168,13
q8470,5
q8882,8
q9474,4
q9134,5
q6366,13
q10176,13
q5600,16
q9783,19
q5092,8
q6202,3
q8373,16
q11099,14
q11077,12
q104,14
q40,14
q11183,12
q8137,12
q11161,12
q89,12
q11201,14
q8127,14
q11004,12
q97,14
q1062,17
q688,7
q557,18
q1188,12
q1186,18
q1232,17
q493,17
q235,6
q1581,15
q1582,14
q1583,0
q1648,11
q1647,11
q1649,11
q2483,17
q2482,12
q2481,15
q2104,12
q2103,15
q2105,0
q9581,9
q4006,19
q9698,8
q4488,16
q8556,13
q6438,13
q6791,1
q6790,1
q6792,1
q6789,5
q6676,1
q6675,1
q6673,1
q6674,5
q6915,2
q6914,5
q6913,8
q6916,10
q10897,13
q10898,9
q10899,10
q10896,7
q6961,1
q6962,1
q6963,5
q6964,1
q6836,10
q6834,3
q6833,0
q6835,5
q6958,19
q6959,0
q6957,10
q6960,5
q10638,18
q10640,8
q10639,18
q10641,10
q3402,15
q3404,0
q3403,17
q3417,15
q3419,0
q3418,12
q3092,17
q3091,17
q3090,0
q8960,19
q373,17
q679,10
q1171,18
q5984,16
q9146,13
q6262,9
q9138,8
q6027,15
q10330,5
q5485,19
q9758,8
q8519,13
q5775,6
q11321,14
q11322,0
q11320,15
q3529,17
q3528,15
q3530,0
q8936,19
q4701,4
q6057,8
q10204,4
q4828,2
q5112,4
q10017,19
q766,17
q1095,6
q708,10
q1245,6
q11174,12
q8090,1
q8101,14
q11006,12
q8163,12
q11057,14
q172,12
q11046,12
q127,11
q11192,12
q11043,12
q150,12
q2495,11
q2493,11
q2494,11
q1438,12
q1437,15
q1439,17
q2575,12
q2576,0
q2574,15
q2757,12
q2759,0
q2758,0
q10199,8
q3721,19
q5771,9
q8692,10
q6451,4
q6319,2
q10121,8
q9378,12
q8510,8
q11216,12
q8102,14
q64,12
q11203,12
q8177,1
q10971,12
q35,14
q57,0
q11218,12
q167,12
q11073,12
q174,14
q10998,12
q3773,15
q5481,15
q8586,8
q5898,9
q8815,7
q6375,13
q2558,17
q2557,17
q2556,12
q1738,14
q1739,0
q1737,12
q1875,15
q1876,0
q1877,10
q1660,12
q1659,15
q1661,0
q2146,17
q2147,0
q2145,12
q1533,11
q1534,11
q1535,11
q1745,0
q1744,0
q1743,14
q2011,17
q2012,0
q2010,12
q1852,17
q1853,14
q1851,15
q5803,5
q8819,19
q4430,8
q9081,13
q5315,16
q10126,13
q10297,8
q6030,16
q10304,5
q2243,17
q2241,15
q2242,17
q2180,0
q2179,12
q2178,15
q1818,12
q1819,11
q1820,0
q1477,17
q1476,17
q1478,0
q1771,17
q1770,17
q1772,10
q2395,12
q2396,10
q2394,15
q2408,0
q2406,0
q2407,10
q1428,15
q1429,17
q1430,17
q125,14
q11104,12
q8106,12
q181,12
q6364,16
q10229,3
q5966,16
q5098,8
q4842,16
q4325,5
q379,7
q10029,19
q5126,5
q1124,15
q481,15
q1329,10
q1030,15
q716,17
q4107,5
q10267,13
q6525,3
q9895,5
q1207,10
q3641,5
q6308,5
q5303,16
q8562,13
q4104,13
q8851,2
q9644,19
q4689,4
q5663,19
q1043,18
q199,6
q897,18
q4322,5
q4936,5
q6019,15
q3669,8
q6253,2
q9822,9
q3998,9
q10192,8
q8375,5
q5448,4
q10238,8
q4041,18
q6206,4
q6162,0
q8696,9
q9099,13
q5387,4
q5288,12
q8984,18
q8833,17
q5673,8
q8512,5
q553,6
q1407,11
q1408,11
q1409,11
q1920,15
q1921,17
q1922,0
q4287,0
q8726,17
q5931,3
q5523,4
q11015,12
q889,15
q8387,19
q349,6
q1042,6
q8683,4
q10321,7
q4034,17
q4783,16
q4117,5
q3649,5
q9102,8
q6741,9
q10308,19
q4740,4
q8713,9
q6093,9
q8379,5
q8732,17
q11145,12
q106,12
q8,0
q8081,11
q11067,14
q6,12
q8119,12
q11075,12
q10963,14
q58,12
q39,1
q11132,12
q8144,12
q11233,14
q900,17
q8522,8
q4638,4
q10142,5
q6000,16
q9073,8
q10189,8
q8848,2
q6533,19
q1310,18
q269,17
q8580,8
q9097,4
q4827,9
q9156,5
q5942,3
q3934,19
q9621,16
q5533,3
q8518,8
q4295,13
q9920,13
q4577,5
q5361,19
q8461,5
q11061,14
q9024,19
q8210,13
q5410,19
q6482,8
q4854,4
q5136,5
q5789,5
q3805,16
q5294,3
q6552,9
q5470,16
q5198,5
q4175,2
q4486,0
q2562,15
q2563,17
q2564,17
q2586,12
q2587,0
q2588,17
q2511,15
q2512,12
q2513,0
q2223,15
q2224,15
q2225,17
q2262,0
q2263,17
q2264,0
q1515,15
q1516,17
q1517,0
q2550,15
q2551,17
q2552,0
q2055,11
q2056,11
q2057,11
q75,14
q30,12
q83,11
q8149,14
q8671,16
q5493,15
q4097,9
q5521,4
q586,15
q261,7
q17638,17
q4383,3
q6447,8
q6213,9
q9648,19
q4915,5
q8854,5
q9891,8
q5828,5
q760,6
q683,18
q6196,19
q5483,15
q6489,16
q1399,15
q755,12
q5435,19
q8889,5
q17231,4
q3869,5
q10079,3
q4081,9
q9374,8
q5191,5
q5793,5
q6158,19
q3645,5
q4067,8
q1031,17
q1040,17
q829,17
q391,18
q3626,5
q5970,0
q6448,13
q4130,5
q225,15
q1053,18
q1141,7
q1163,18
q806,18
q9495,3
q4165,19
q10169,13
q17260,15
q1364,10
q544,15
q615,7
q812,17
q6396,8
q5353,18
q9096,5
q6226,17
q17162,5
q8366,5
q8669,8
q17313,13
q9981,3
q17171,9
q17277,5
q5402,4
q5451,16
q17140,19
q9806,3
q4580,3
q5734,9
q17357,8
q370,17
q1028,17
q8912,19
q5714,5
q4052,19
q17109,5
q9191,5
q6092,9
q17111,4
q6360,0
q8957,19
q1057,10
q613,7
q1338,18
q629,10
q1273,17
q496,6
q1130,18
q17190,8
q8743,12
q4652,4
q10315,15
q5359,19
q4813,16
q6209,9
q4021,16
q5384,4
q413,18
q8412,5
q3825,15
q5948,3
q4061,4
q3837,15
q4442,16
q5711,8
q4171,3
q4538,2
q3779,4
q264,18
q1102,7
q894,17
q9042,13
q6099,19
q10150,8
q1190,7
q1390,15
q1223,7
q4233,4
q8183,9
q5638,3
q10133,8
q4182,5
q10282,8
q5047,14
q9071,13
q1234,17
q871,15
q1024,17
q5059,14
q10182,8
q483,17
q961,18
q757,6
q1048,18
q526,10
q1370,7
q4992,5
q10228,3
q4008,8
q17082,8
q8839,1
q3963,8
q9624,19
q4039,18
q9619,9
q4087,8
q10110,8
q488,10
q720,10
q4662,4
q9199,13
q4208,4
q9700,8
q10036,19
q8587,4
q5592,16
q10158,13
q4346,8
q4525,8
q8792,13
q4871,4
q9101,5
q9541,3
q5779,14
q10006,8
q3939,5
q5118,5
q4240,19
q10291,13
q9607,16
q5068,4
q8500,8
q8909,19
q4560,6
q9376,2
q3930,19
q9338,16
q4271,16
q9487,5
q10093,8
q8533,8
q6737,0
q9065,8
q4170,4
q9473,4
q9753,13
q4138,17
q4922,5
q10070,5
q5502,4
q5623,18
q5590,8
q4363,4
q10077,3
q9385,3
q4621,19
q10125,13
q6117,9
q10269,5
q1189,17
q704,18
q6113,9
q5587,16
q8186,4
q9752,8
q6109,9
q6421,8
q10080,3
q9839,13
q8391,5
q4371,3
q931,18
q560,15
q418,15
q944,6
q471,15
q593,7
q831,17
q9437,13
q6348,0
q5371,4
q8385,8
q737,12
q1081,6
q473,17
q942,15
q268,17
q950,17
q8716,9
q9110,13
q6417,19
q635,12
q1268,17
q1026,17
q810,12
q1363,7
q10195,8
q3823,15
q4834,4
q8968,9
q9926,13
q5046,2
q5113,8
q3858,5
q5792,5
q232,7
q4590,5
q6401,8
q4126,3
q8857,8
q8978,18
q10188,8
q10202,4
q5615,13
q5319,16
q4173,5
q6405,8
q3922,19
q4306,8
q4314,8
q6713,8
q6714,19
q6715,19
q6716,10
q6993,1
q6994,1
q6995,5
q6996,1
q6709,3
q6710,13
q6711,8
q6712,10
q6661,13
q6662,10
q6663,19
q6664,17
q9970,5
q4497,19
q6176,16
q6681,5
q6682,1
q6683,1
q6684,1
q1011,18
q832,7
q1355,7
q676,7
q260,18
q6649,8
q6650,5
q6651,14
q6652,10
q6773,9
q6774,10
q6775,8
q6776,4
q953,7
q1331,12
q1132,17
q1146,18
q369,6
q1069,7
q956,12
q6809,5
q6810,5
q6811,10
q6812,2
q6973,1
q6974,1
q6975,1
q6976,1
q6925,2
q6926,5
q6927,19
q6928,10
q308,15
q689,18
q641,12
q620,18
q2187,12
q2188,12
q2189,0
q2397,15
q2398,10
q2399,17
q2391,12
q2392,0
q2393,10
q6841,9
q6842,16
q6843,10
q6844,4
q750,7
q1033,15
q1650,15
q1651,17
q1652,0
q1545,0
q1546,17
q1547,17
q5312,16
q9396,16
q5819,5
q6933,1
q6934,1
q6935,1
q6936,1
q5774,6
q17224,13
q8222,1
q8223,1
q8224,1
q8225,1
q8226,5
q1007,15
q1359,17
q752,18
q1989,0
q1990,17
q1991,0
q1512,12
q1513,12
q1514,0
q1983,15
q1984,10
q1985,0
q1548,12
q1549,12
q1550,0
q759,15
q906,17
q996,17
q651,7
q375,10
q1036,7
q1096,10
q1332,7
q610,18
q1343,17
q1218,12
q216,17
q799,6
q9452,8
q4891,2
q8744,12
q5717,5
q1560,12
q1561,15
q1562,0
q9107,13
q8914,8
q9751,5
q5472,4
q17319,5
q8194,16
q5758,19
q6068,16
q17107,5
q4077,19
q1289,6
q633,10
q580,17
q1374,17
q612,10
q669,17
q1633,10
q1632,12
q1634,0
q1766,0
q1765,12
q1764,12
q1339,7
q1144,10
q452,17
q1918,12
q1917,15
q1919,0
q1783,11
q1784,0
q1782,11
q2362,11
q2361,11
q2363,11
q1936,10
q1935,12
q1937,0
q7522,5
q7524,5
q7521,5
q7523,1
q7520,5
q7545,1
q7547,1
q7546,1
q7548,5
q7549,5
q7216,3
q7215,2
q7218,1
q7217,2
q11852,10
q11853,16
q11851,8
q11854,4
q6560,1
q6557,1
q6558,1
q6559,1
q10727,4
q10724,19
q10725,2
q10726,10
q6556,10
q6553,4
q6555,19
q6554,13
q10928,13
q10929,3
q10930,4
q10931,10
q6781,19
q6782,5
q6784,4
q6783,10
q6869,14
q6872,10
q6871,9
q6870,5
q10859,19
q10856,10
q10858,12
q10857,13
q6942,1
q6943,1
q6941,5
q6944,1
q8139,12
q8145,12
q1823,17
q1821,12
q1822,17
q2919,15
q2921,0
q2920,17
q2741,0
q2739,12
q2740,17
q7736,3
q7733,5
q7735,2
q7734,3
q8321,5
q8320,5
q8319,1
q8317,1
q8318,1
q7513,5
q7512,5
q7511,5
q7510,5
q7514,1
q7612,3
q7610,5
q7609,5
q7608,5
q7611,5
q8462,5
q164,14
q11047,12
q11153,14
q194,1
q11036,12
q11167,0
q4,12
q8092,14
q11005,12
q9202,5
q3787,4
q6106,4
q5077,19
q8870,5
q6082,19
q4211,3
q8919,9
q9439,13
q4816,0
q5927,0
q5352,18
q8844,5
q6373,13
q124,0
q10950,14
q11171,12
q9548,3
q4926,5
q5413,19
q4841,8
q8886,8
q4326,5
q5480,4
q6150,5
q10303,8
q5716,5
q573,6
q916,7
q2304,12
q2305,14
q2306,0
q1755,17
q1756,0
q1757,14
q2514,12
q2515,17
q2516,17
q1980,17
q1981,17
q1982,0
q2193,12
q2194,0
q2195,14
q1740,0
q1741,17
q1742,14
q3177,15
q3178,10
q3179,0
q2877,15
q2878,11
q2879,0
q3579,12
q3580,15
q3581,0
q2610,15
q2611,11
q2612,10
q3333,15
q3334,14
q3335,0
q3522,17
q3523,17
q3524,17
q10682,18
q10683,18
q10684,18
q2622,11
q2623,1
q2624,11
q2601,15
q2602,10
q2603,0
q6945,1
q6946,1
q6947,1
q6948,5
q6765,1
q6766,1
q6767,1
q6768,1
q10748,7
q10749,13
q10750,10
q10751,4
q7389,5
q7390,5
q7391,5
q7392,5
q7393,3
q7505,1
q7506,5
q7507,5
q7508,5
q7509,5
q7379,3
q7380,3
q7381,5
q7382,5
q7383,5
q7192,5
q7193,5
q7194,5
q7195,5
q7196,5
q7384,5
q7385,3
q7386,1
q7387,5
q7388,5
q7187,5
q7188,5
q7189,5
q7190,5
q7191,5
q7469,5
q7470,2
q7049,5
q7050,3
q7051,5
q7052,5
q7053,3
q7363,5
q7364,3
q7365,2
q7366,1
q7886,5
q7887,3
q7888,5
q7889,5
q7890,5
q7635,2
q7636,1
q7613,5
q7614,1
q7615,5
q7616,1
q7617,3
q3879,5
q9435,13
q8733,17
q3806,15
q10127,13
q4394,3
q6404,8
q4831,6
q6358,2
q8617,8
q6145,5
q9031,13
q5411,2
q4550,9
q8858,13
q6170,3
q8790,13
q6263,4
q11116,12
q9963,5
q5349,18
q8756,8
q4069,8
q8615,13
q4301,8
q4296,3
q9129,8
q292,7
q1314,6
q9072,13
q9889,9
q6020,19
q5531,0
q8563,13
q5298,0
q8118,14
q5509,19
q9817,6
q3958,3
q10961,14
q11085,14
q11013,12
q62,14
q787,18
q9557,19
q5897,16
q8940,16
q8785,8
q3979,8
q6203,4
q6515,9
q5607,8
q5105,13
q8894,5
q5920,3
q6100,3
q9200,13
q796,10
q9882,5
q4750,16
q9020,18
q4799,14
q9177,13
q594,17
q8937,19
q11048,14
q11017,14
q6745,6
q9554,19
q4026,2
q6331,3
q2592,15
q2593,0
q2594,10
q2775,12
q2776,0
q2777,17
q3225,10
q3226,17
q3227,0
q3396,15
q3397,12
q3398,14
q6905,1
q6906,1
q6907,1
q6908,1
q6665,2
q6666,8
q6667,10
q6668,7
q7219,3
q7220,2
q7221,2
q7222,1
q7579,3
q7580,3
q7581,1
q7582,2
q10096,8
q3720,19
q9917,13
q6164,3
q9079,5
q5260,8
q10325,3
q3969,8
q3940,5
q4826,8
q9149,8
q10991,12
q22,14
q2244,17
q2245,15
q2246,0
q1800,12
q1801,0
q1802,17
q2079,17
q2080,12
q2081,0
q1536,12
q1537,12
q1538,0
q2520,15
q2521,12
q2522,0
q2427,11
q2428,11
q2429,11
q1461,12
q1462,17
q1463,0
q1986,17
q1987,17
q1988,0
q10247,8
q10137,8
q6260,5
q5495,19
q3135,12
q3136,17
q3137,0
q2859,12
q2860,17
q2861,0
q3192,15
q3193,10
q3194,17
q3252,15
q3253,14
q3254,0
q5528,9
q5770,19
q9534,3
q8528,8
q10056,5
q9993,8
q9383,9
q11122,12
q6328,3
q6081,19
q10108,14
q8811,3
q5351,18
q730,10
q330,15
q2463,15
q2464,12
q2465,0
q1713,15
q1714,11
q1715,14
q1617,0
q1618,12
q1619,10
q1527,11
q1528,11
q1529,11
q11269,12
q11270,17
q11271,0
q3276,12
q3277,17
q3278,14
q2967,11
q2968,11
q2969,0
q11287,12
q11288,17
q11289,0
q10115,13
q4050,19
q3982,8
q9163,8
q11225,12
q177,14
q1251,18
q1187,7
q442,18
q9341,3
q1584,15
q1585,14
q1586,0
q1788,17
q1789,12
q1790,0
q2364,12
q2365,11
q2366,0
q2421,12
q2422,0
q2423,17
q2523,12
q2524,17
q2525,17
q1482,11
q1483,11
q1484,11
q1587,17
q1588,14
q1589,0
q2619,17
q2620,17
q2621,17
q29,12
q11060,12
q70,14
q10322,8
q4481,18
q5497,16
q10231,8
q10100,8
q4252,15
q9990,8
q1311,10
q279,10
q1734,15
q1735,17
q1736,14
q2472,12
q2473,15
q2474,0
q2031,15
q2032,17
q2033,0
q2259,12
q2260,17
q2261,0
q2004,15
q2005,14
q2006,0
q4183,5
q9740,5
q4593,19
q4355,19
q9365,9
q4116,8
q4605,18
q6467,8
q6756,8
q5478,16
q5354,4
q9469,4
q6547,3
q1620,15
q1621,10
q1622,0
q10360,5
q10361,10
q10362,8
q10363,15
q7700,2
q7701,2
q7702,2
q8132,14
q25,14
q11129,12
q725,7
q9705,13
q6746,8
q10241,8
q4323,5
q9498,3
q6325,2
q6161,13
q10129,5
q2202,14
q2203,17
q2204,0
q1884,17
q1885,0
q1886,10
q2283,17
q2284,17
q2285,14
q3414,0
q3415,0
q3416,0
q3480,12
q3481,17
q3482,0
q2817,15
q2818,10
q2819,10
q2709,17
q2710,17
q2711,17
q2631,15
q2632,10
q2633,0
q3822,15
q8662,9
q4444,16
q6199,8
q10109,8
q9915,13
q6251,9
q3975,8
q8981,16
q8659,8
q9046,8
q3932,3
q438,7
q646,18
q508,7
q440,7
q4445,3
q9639,19
q10038,19
q8897,13
q10026,19
q6512,8
q8187,8
q6075,4
q9124,5
q8607,13
q4764,5
q8665,9
q10223,5
q3826,19
q9769,8
q6072,3
q10309,5
q8651,8
q4174,13
q5419,19
q6324,2
q4207,19
q8188,9
q6326,2
q5569,16
q4188,19
q9342,16
q4417,16
q6540,8
q10283,8
q6040,2
q5347,2
q10002,8
q6246,4
q5888,5
q3980,8
q816,6
q5182,5
q5719,8
q5908,0
q17252,13
q3752,4
q4256,15
q9142,5
q4588,5
q9610,9
q6543,4
q10970,12
q17531,12
q9754,8
q5679,13
q8806,3
q5302,16
q5583,3
q10235,8
q8846,5
q5545,0
q9875,8
q10219,5
q320,18
q9485,5
q9007,19
q4082,7
q9391,16
q9680,13
q9520,8
q8873,8
q6538,8
q11197,12
q11051,12
q10981,12
q10987,12
q11179,14
q8078,12
q6864,1
q6863,1
q6862,1
q6861,1
q6794,8
q6795,4
q6796,10
q6793,19
q10707,5
q10704,10
q10706,15
q10705,8
q10948,12
q11025,12
q11037,14
q11121,14
q11244,5
q60,12
q11193,12
q11172,12
q8115,14
q11178,14
q8166,14
q96,14
q55,14
q11169,12
q11079,0
q11164,12
q28,14
q11018,12
q10978,12
q48,14
q11074,12
q11241,12
q11159,12
q11189,14
q11082,12
q11108,12
q10966,14
q11181,12
q11214,12
q10976,12
q11191,12
q11185,12
q10955,14
q11088,12
q11162,14
q11126,14
q11053,14
q11115,0
q11056,12
q11019,12
q11012,0
q11139,12
q11092,12
q11163,12
q11107,0
q11029,14
q11152,12
q11175,12
q9456,8
q3995,0
q4964,5
q10165,13
q8977,19
q9796,5
q5508,19
q3780,19
q5505,4
q10179,13
q4337,8
q8516,5
q6197,16
q10135,13
q4462,16
q5447,4
q3783,4
q8788,8
q9723,8
q9461,8
q8747,12
q6249,5
q9411,16
q8835,17
q3673,8
q9198,13
q6736,4
q4768,8
q10184,8
q9330,3
q241,6
q10024,19
q4070,8
q10206,5
q6513,9
q10090,8
q9897,8
q9877,5
q9677,13
q3824,15
q9111,13
q9518,8
q3951,5
q9932,13
q9379,16
q3937,16
q5896,9
q8414,2
q8754,8
q5674,8
q10088,8
q366,15
q4543,2
q8640,13
q5727,2
q10300,5
q4059,3
q8903,19
q5655,2
q8198,9
q6465,2
q5695,10
q9750,8
q251,18
q9337,3
q9496,3
q8667,16
q4919,15
q10094,8
q10260,5
q5490,19
q10148,19
q4083,4
q4022,4
q1327,17
q1208,10
q640,17
q576,17
q527,15
q1039,17
q9729,8
q3956,5
q4541,2
q4844,8
q9802,8
q4916,3
q6532,9
q9069,8
q5688,4
q5240,4
q1203,17
q585,6
q294,17
q1361,17
q1195,7
q8191,5
q10239,8
q9933,13
q6007,3
q6336,19
q4683,4
q5418,19
q10151,8
q5063,19
q5460,4
q8531,8
q3830,4
q9844,8
q8657,19
q8731,17
q6070,9
q4672,4
q5629,8
q4186,4
q420,6
q833,17
q1016,10
q634,18
q1394,15
q537,6
q231,6
q392,7
q645,15
q1265,17
q9326,16
q6510,16
q9742,13
q5570,0
q3703,19
q9008,7
q5157,5
q8787,8
q8699,8
q9600,9
q5611,16
q9539,3
q6735,2
q4007,8
q8566,8
q3801,4
q9158,13
q4823,13
q3629,5
q9747,8
q6049,16
q9182,13
q4238,16
q10155,8
q9850,13
q5261,9
q6022,19
q6102,16
q6052,4
q4352,4
q8648,13
q3686,9
q10252,9
q5253,19
q8779,13
q5937,3
q8832,17
q4308,8
q4250,19
q9683,13
q9594,7
q9745,8
q6544,3
q8752,12
q5366,19
q5035,8
q4290,16
q9730,8
q10020,19
q9340,19
q5455,19
q6048,16
q5444,16
q6760,8
q5269,9
q5496,4
q9741,8
q3785,4
q9051,5
q5037,16
q9997,8
q6743,5
q3701,13
q8571,8
q4150,4
q8856,5
q5196,5
q4060,8
q9329,19
q6028,19
q4878,4
q4653,4
q8638,8
q6758,0
q4869,4
q4119,13
q9449,13
q10154,13
q6200,3
q9039,13
q4080,9
q6131,4
q3707,19
q8612,5
q9863,13
q6241,9
q10286,5
q5232,9
q4876,4
q6256,19
q10057,5
q5904,16
q3668,8
q10032,19
q4836,3
q6039,4
q8689,9
q8521,8
q5968,3
q5428,15
q5076,4
q9894,4
q10243,8
q4364,16
q4024,0
q6044,16
q3790,15
q8998,9
q4847,8
q8652,4
q9062,13
q5642,16
q4802,13
q8911,18
q9599,3
q4046,19
q3677,13
q5923,3
q9451,16
q9969,5
q6235,9
q10266,8
q6050,16
q5484,15
q6721,4
q9041,8
q6029,16
q10649,19
q10646,13
q10648,8
q10647,10
q9821,9
q6551,9
q6142,8
q4931,5
q9609,9
q9819,6
q8807,3
q5024,5
q3833,4
q5376,16
q3848,4
q8954,19
q6038,16
q10290,8
q8365,13
q10010,19
q6439,15
q6136,16
q9356,3
q4818,5
q5441,19
q8367,5
q5226,8
q3839,4
q6412,4
q10298,13
q6546,9
q4134,8
q5926,3
q4136,13
q4788,19
q10313,9
q6118,16
q5967,3
q4125,8
q8872,8
q5692,0
q6500,9
q9996,8
q6365,0
q5456,4
q8808,3
q3933,3
q5557,0
q9407,9
q5116,19
q4265,16
q6181,0
q4606,19
q9044,13
q5858,0
q4658,4
q5950,0
q8773,5
q4247,4
q3784,4
q8850,2
q5486,19
q5506,4
q6461,5
q11084,14
q10990,14
q11024,14
q11033,12
q10960,12
q11239,12
q11045,12
q11156,12
q6110,16
q6414,4
q5160,5
q6751,5
q9652,19
q9736,13
q5618,5
q5166,5
q5559,3
q6077,9
q6152,4
q9015,19
q4579,5
q6265,8
q4289,19
q9180,8
q6406,8
q5922,0
q6306,5
q6172,8
q5513,15
q9354,16
q4857,4
q10153,8
q5906,0
q4566,8
q4773,4
q4522,4
q6234,4
q5627,5
q5121,5
q6297,5
q3769,15
q4406,16
q4814,8
q9064,5
q3974,8
q5617,9
q10131,8
q4724,4
q8185,5
q6368,13
q6166,13
q3976,8
q9418,14
q6493,13
q5661,4
q5700,13
q6033,4
q9465,8
q4571,8
q4330,8
q4327,5
q8737,17
q5925,0
q3706,19
q9852,8
q8686,8
q5404,19
q8892,5
q6266,5
q5613,8
q4928,8
q4687,8
q4705,4
q9512,8
q4235,4
q5399,5
q4292,8
q6252,8
q3902,8
q5954,0
q9501,8
q6384,13
q9661,19
q3962,3
q3679,13
q6169,3
q9916,13
q6398,8
q4902,5
q5426,4
q8830,17
q5464,4
q4873,4
q6154,8
q4848,14
q9614,9
q5290,0
q3734,19
q4905,8
q5969,3
q4715,4
q6126,4
q6462,8
q4707,4
q10316,8
q3845,4
q4547,0
q5901,9
q5225,4
q3924,13
q4860,4
q8672,9
q8875,8
q4837,4
q6531,9
q9525,3
q3841,4
q6233,8
q3999,5
q10306,9
q6087,16
q5918,3
q4714,8
q5465,4
q9961,5
q3957,5
q4281,5
q5089,13
q4266,3
q10124,8
q3978,8
q3671,8
q5377,3
q8374,8
q8730,17
q3948,5
q6227,5
q5355,19
q5114,0
q6410,8
q6395,8
q4612,19
q9459,8
q9601,9
q5878,5
q4339,3
q3737,19
q4350,19
q4159,9
q5133,5
q9958,4
q3817,4
q4255,4
q5409,19
q6002,3
q9155,8
q5268,9
q9755,5
q3938,5
q5910,3
q5988,3
q5029,19
q9685,5
q6476,8
q9656,19
q3970,8
q8382,9
q6174,8
q5622,5
q8389,5
q4141,13
q10167,13
q5489,4
q9625,19
q6481,8
q8734,17
q855,15
q672,6
q1122,7
q1237,6
q1205,18
q3631,5
q9749,5
q8712,9
q3656,5
q4422,3
q4268,16
q4572,13
q4331,8
q5916,3
q10174,13
q4532,13
q5712,8
q5850,3
q9780,14
q5042,19
q6367,13
q8941,19
q5706,13
q5122,5
q4921,8
q10332,13
q3605,5
q6478,13
q5102,8
q9104,5
q4911,3
q4780,3
q9010,19
q5211,5
q3875,5
q6389,13
q3981,8
q4567,8
q3713,19
q8976,18
q4531,13
q4534,13
q8588,4
q622,15
q705,6
q6245,13
q3742,19
q9571,2
q9940,8
q5914,3
q9666,19
q5956,3
q9701,5
q4798,13
q5188,5
q6349,3
q10045,19
q9332,19
q409,17
q819,18
q924,18
q1045,6
q5697,8
q9506,8
q4967,5
q5213,5
q4195,3
q8987,9
q9481,5
q6483,19
q4140,13
q1312,6
q777,6
q530,7
q1166,15
q1387,6
q736,6
q8452,5
q4439,3
q4177,9
q3850,5
q3674,8
q3636,5
q1366,7
q742,7
q1256,18
q1094,6
q582,15
q501,15
q5989,3
q8642,5
q5175,5
q4054,19
q5420,19
q9650,19
q4954,5
q8725,17
q209,7
q381,7
q770,7
q378,6
q4611,19
q3644,5
q8404,5
q5558,3
q10242,8
q4999,5
q6343,5
q240,15
q332,6
q1142,17
q1263,17
q555,18
q428,6
q1354,10
q578,6
q10098,8
q10028,19
q3894,5
q8395,5
q10022,19
q9413,4
q3715,19
q4051,19
q3892,5
q9943,8
q10033,19
q8456,5
q4941,5
q9866,13
q3913,5
q5120,5
q559,7
q446,15
q9637,19
q8192,15
q3603,5
q8394,5
q6165,5
q8471,5
q9632,19
q8762,8
q625,15
q903,17
q1113,6
q1172,6
q233,10
q3897,5
q6267,5
q8945,19
q8416,5
q8463,5
q9531,3
q5165,5
q6302,5
q863,7
q768,7
q475,18
q4956,5
q9351,6
q4589,5
q6282,5
q9529,3
q5178,5
q4629,5
q8772,5
q1319,17
q1239,6
q5868,5
q5808,5
q3886,5
q6279,5
q402,17
q846,7
q466,10
q8481,5
q9718,8
q4110,5
q3643,5
q8457,5
q5791,5
q286,6
q1065,18
q3859,5
q5807,5
q10257,5
q5894,5
q5200,5
q4943,5
q6272,5
q5022,5
q3865,5
q9759,5
q3868,5
q5129,5
q5014,5
q4985,5
q8408,5
q531,15
q1109,7
q8399,5
q4893,5
q5726,5
q3852,5
q8469,5
q9089,16
q3855,5
q5128,5
q338,7
q3885,5
q9870,5
q4937,5
q8415,5
q5875,5
q9144,8
q5614,5
q4969,5
q1322,12
q3866,5
q4988,5
q5173,5
q9194,8
q4953,5
q4751,5
q6316,5
q8863,13
q5167,5
q476,7
q9691,8
q5174,5
q4990,5
q4279,5
q8487,5
q5124,5
q6153,5
q5026,5
q5027,5
q6298,5
q4933,5
q5867,5
q3854,5
q1248,7
q371,6
q426,15
q341,18
q5796,5
q8468,5
q8426,5
q4949,5
q8423,5
q10003,8
q1281,17
q1246,18
q623,17
q3867,5
q3614,5
q3620,5
q8994,19
q4966,5
q873,18
q1017,10
q4948,5
q8477,5
q5187,5
q9450,8
q5790,5
q8440,5
q5177,5
q9014,19
q201,10
q462,17
q525,15
q565,18
q4782,5
q5874,5
q4998,5
q6268,5
q8453,5
q8480,5
q4974,5
q6284,5
q1350,6
q575,17
q1044,6
q925,17
q8748,12
q5885,5
q4762,5
q4503,5
q9770,4
q8454,5
q5142,5
q9674,13
q9417,14
q499,17
q434,7
q9542,3
q9697,8
q8362,14
q8738,16
q9406,9
q1157,17
q884,15
q386,18
q1061,15
q1120,7
q265,6
q10329,16
q10203,4
q9013,7
q10276,5
q9782,13
q9835,5
q262,12
q694,7
q511,18
q9434,13
q8602,5
q9811,2
q8377,5
q8736,17
q9787,16
q9503,8
q9544,3
q249,18
q1072,17
q644,17
q9893,13
q9368,16
q9574,2
q9463,8
q9696,8
q9122,13
q9714,13
q9126,8
q1231,17
q1358,10
q1066,17
q1056,18
q8840,1
q8706,9
q9876,8
q1164,17
q1219,17
q1206,17
q9019,19
q9925,13
q9060,8
q8193,2
q9906,19
q8755,8
q8864,5
q1209,17
q919,17
q1126,12
q1357,15
q691,17
q8970,19
q9390,19
q9912,13
q8928,9
q8893,8
q9874,13
q826,7
q1192,15
q1177,6
q5271,16
q8506,13
q8983,19
q10008,4
q290,17
q976,7
q662,6
q1247,18
q797,7
q990,17
q8184,15
q5802,5
q8885,8
q10211,5
q9827,9
q9994,8
q9441,13
q703,18
q1214,6
q8543,13
q9849,13
q8980,19
q8778,8
q9077,4
q1199,18
q667,18
q577,10
q490,15
q8999,19
q10288,8
q9929,13
q9152,8
q8729,19
q8204,8
q8581,8
q6314,5
q248,6
q521,6
q1347,6
q468,17
q9412,19
q9873,5
q10249,8
q9820,6
q9885,13
q10285,5
q8905,18
q1328,7
q1158,6
q1204,17
q987,6
q1046,6
q353,12
q9034,8
q9964,5
q4347,2
q10333,18
q9944,8
q9909,5
q9815,6
q892,17
q310,18
q606,18
q461,6
q10275,8
q8393,19
q9116,8
q8820,19
q9444,13
q9565,19
q9719,13
q8579,8
q1064,15
q339,18
q299,15
q367,17
q1296,6
q4542,2
q9794,5
q8718,14
q9029,13
q9960,5
q10170,13
q8364,17
q3843,4
q8955,18
q607,15
q484,10
q1170,10
q9375,6
q8798,8
q8645,5
q9193,13
q10120,8
q10089,8
q896,7
q785,17
q1230,7
q965,6
q9809,2
q8493,13
q9446,13
q8585,8
q10162,13
q9472,4
q9569,19
q417,17
q296,17
q1029,7
q867,15
q8525,13
q9799,8
q9061,8
q8781,8
q8622,13
q9509,8
q8575,8
q1372,6
q8950,8
q9813,6
q8742,16
q9984,3
q9398,8
q9707,13
q1123,6
q277,7
q1375,12
q780,7
q1145,6
q1117,17
q472,15
q395,15
q1282,10
q344,17
q10147,5
q8927,18
q8874,8
q10143,13
q939,17
q246,17
q8812,3
q9886,8
q10292,13
q8578,8
q9021,7
q9952,8
q10084,8
q9119,5
q10166,13
q10132,5
q1313,10
q1009,12
q912,17
q869,12
q1151,17
q1082,6
q1083,15
q515,17
q1200,15
q1344,7
q1277,17
q8363,9
q4892,7
q9083,3
q8817,7
q9704,13
q10062,5
q9536,3
q753,10
q929,17
q1183,6
q1235,17
q1255,7
q9999,8
q8208,19
q9074,5
q8849,2
q9670,8
q9175,13
q980,18
q322,7
q1099,15
q9184,13
q10334,19
q9445,13
q10294,13
q8627,8
q1038,17
q649,7
q9865,5
q9057,13
q8537,8
q9973,5
q9169,13
q10216,5
q459,18
q1008,17
q1380,17
q9492,0
q9567,19
q8900,13
q8904,17
q8932,2
q9985,8
q9880,19
q9778,8
q1317,6
q786,6
q563,15
q1398,6
q8491,13
q10220,5
q8596,16
q9776,8
q10209,5
q10123,8
q687,17
q1262,12
q549,12
q937,7
q255,7
q1381,10
q852,6
q8604,13
q10059,5
q8513,8
q9843,13
q8582,8
q9731,8
q1035,18
q895,12
q1078,10
q1137,12
q604,17
q908,18
q8868,5
q9733,8
q8502,5
q5544,3
q8951,19
q9522,8
q8202,5
q9377,16
q928,15
q529,17
q943,12
q480,17
q909,18
q9746,5
q8763,8
q8565,13
q10161,13
q9063,8
q9878,13
q8601,13
q6281,5
q9826,9
q8761,5
q8780,8
q8608,8
q8964,16
q8569,8
q8803,3
q8637,13
q9477,5
q9524,8
q1201,18
q717,7
q771,6
q988,7
q443,17
q1138,7
q1377,17
q528,6
q706,17
q9370,2
q8643,13
q10226,5
q10085,8
q8376,8
q9871,13
q9570,2
q628,12
q343,17
q1150,12
q9781,18
q4033,17
q9533,3
q9560,19
q9001,7
q8784,8
q8915,9
q10102,3
q1228,7
q891,10
q664,18
q849,6
q624,7
q9706,8
q9392,18
q9362,0
q9881,5
q8745,12
q9883,3
q8818,19
q486,17
q9725,19
q8860,13
q10091,8
q9735,8
q430,18
q513,17
q1100,7
q1004,15
q9547,3
q8710,9
q8190,8
q8816,7
q6303,5
q8899,13
q8751,12
q9480,5
q10122,13
q9992,8
q3971,8
q9009,16
q8947,19
q9055,8
q328,12
q1270,6
q791,10
q1197,12
q637,15
q8600,16
q9416,16
q9896,4
q10218,5
q9556,19
q9859,13
q8922,9
q9113,13
q10183,8
q9829,9
q8714,9
q9091,19
q10067,5
q284,6
q8828,17
q9373,16
q10301,13
q9093,0
q8597,16
q10295,5
q1140,7
q252,17
q1085,17
q857,7
q1254,10
q1304,18
q850,17
q9743,5
q8564,13
q8925,9
q9386,2
q793,17
q899,6
q274,6
q828,7
q782,17
q802,17
q9186,13
q1303,12
q1090,18
q809,17
q1352,17
q247,7
q1129,17
q951,6
q10152,8
q10234,8
q10073,5
q9709,5
q9825,9
q10000,8
q8197,13
q9756,5
q8599,16
q9005,19
q8966,19
q8593,8
q8635,13
q8609,5
q8847,5
q1356,17
q595,17
q710,10
q382,18
q1174,15
q775,15
q1362,7
q8764,8
q4307,8
q9921,13
q8542,13
q8765,13
q9164,13
q8901,13
q630,10
q572,7
q1242,7
q316,7
q1306,15
q10063,5
q9040,8
q8203,19
q9681,8
q9950,8
q1152,6
q1196,10
q8384,13
q9553,19
q9478,5
q8774,13
q9082,3
q10207,5
q9941,8
q9438,13
q658,7
q1287,17
q901,10
q827,18
q8753,8
q9789,8
q8560,13
q8989,3
q8902,8
q9036,8
q9803,3
q337,15
q840,15
q845,15
q1334,7
q9395,18
q8629,8
q10069,5
q8986,19
q9517,8
q9490,5
q9833,13
q8916,4
q671,15
q1284,17
q733,7
q719,12
q1077,17
q904,17
q410,12
q390,12
q1118,7
q8631,8
q9675,8
q8639,13
q8573,8
q10268,8
q9558,19
q9966,5
q313,6
q1001,15
q619,6
q1383,6
q9360,8
q9978,5
q9792,8
q10250,8
q8965,18
q9669,13
q10146,13
q10331,15
q9566,19
q9095,5
q9699,13
q9483,5
q9058,5
q8869,8
q882,7
q1169,6
q815,18
q383,7
q10255,9
q8974,8
q9408,9
q8723,17
q306,6
q9419,6
q8621,13
q9980,5
q9353,8
q9722,8
q8572,8
q8557,13
q642,7
q1371,6
q204,17
q1058,15
q524,7
q795,17
q229,6
q10007,4
q10140,8
q222,6
q738,15
q723,17
q345,17
q941,17
q682,7
q8592,8
q9672,8
q10156,13
q8973,19
q4095,14
q9775,7
q9995,8
q9804,3
q10171,13
q611,17
q518,17
q8570,8
q9011,19
q9372,14
q9884,15
q8961,16
q783,17
q743,6
q668,6
q864,7
q17354,16
q8598,16
q17318,16
q8931,2
q17127,19
q8836,17
q10320,5
q1320,17
q331,7
q340,17
q1059,17
q432,17
q8826,19
q17117,15
q9968,5
q9791,15
q17201,5
q10103,4
q17089,5
q17184,8
q17202,16
q17186,13
q8721,14
q17124,5
q9192,13
q599,17
q834,6
q208,17
q680,6
q602,6
q574,6
q1006,15
q10163,13
q1091,17
q408,7
q898,7
q1128,7
q538,7
q9080,15
q8995,16
q9464,8
q17161,9
q9814,6
q8538,8
q9087,15
q9400,2
q17077,15
q17045,5
q9394,17
q17069,8
q8769,13
q979,6
q304,17
q967,7
q1021,6
q1221,7
q989,17
q492,17
q454,6
q453,17
q17380,4
q17350,2
q17203,2
q17157,5
q9771,19
q17386,8
q17121,16
q8962,17
q627,17
q9914,13
q8498,13
q17051,19
q17270,2
q17355,13
q9204,5
q17106,16
q9834,8
q1298,17
q487,6
q324,17
q1013,17
q727,17
q974,6
q843,17
q319,6
q558,6
q1397,17
q747,17
q1299,6
q665,17
q8368,4
q8724,17
q17173,2
q9739,13
q9431,13
q9499,3
q17310,5
q9033,13
q9900,2
q9425,13
q8583,8
q17228,16
q9108,8
q9357,9
q9100,0
q17358,13
q17393,19
q9429,13
q17369,16
q17312,9
q9367,9
q17156,18
q17349,16
q9433,13
q9540,2
q17234,8
q9737,13
q17383,19
q17137,15
q8584,8
q17062,4
q9026,19
q17181,9
q10261,5
q10082,8
q17248,19
q17191,4
q9491,5
q8930,18
q9967,5
q10083,8
q17047,5
q9189,13
q3642,5
q8841,1
q10193,8
q8971,19
q9959,4
q17193,13
q17399,8
q17267,15
q9179,13
q17167,4
q17286,9
q10273,13
q8546,13
q17289,16
q17306,8
q17149,19
q9988,8
q8880,8
q17112,5
q10104,9
q9335,16
q17174,2
q8741,16
q9904,8
q8949,19
q3635,5
q9986,8
q9505,8
q17317,19
q8369,4
q17214,5
q10259,8
q9523,8
q17048,15
q9154,13
q9493,3
q9767,13
q17287,19
q9905,14
q17218,13
q17373,15
q17247,13
q17245,17
q17114,13
q8550,13
q8201,19
q17198,15
q8920,7
q17249,5
q8975,19
q9846,8
q4980,5
q5912,0
q4378,3
q10221,5
q17269,2
q6411,16
q6522,18
q17083,14
q4185,8
q4263,15
q4513,16
q8797,8
q3846,15
q17379,2
q17280,9
q4184,4
q8541,13
q8888,8
q4835,8
q6124,9
q6423,16
q4425,8
q9371,9
q17259,5
q17044,19
q17057,5
q9479,5
q8380,18
q10328,19
q3954,5
q17285,14
q9568,19
q8924,16
q17042,9
q17119,9
q17576,9
q9422,12
q17241,4
q9721,19
q17113,16
q17159,16
q17568,14
q8750,12
q17584,17
q17309,19
q17573,16
q8595,16
q17115,18
q17290,6
q9504,8
q5149,5
q4003,5
q4795,5
q5350,18
q6385,13
q4215,13
q5195,5
q8499,13
q5707,13
q6752,8
q4594,19
q68,12
q5494,4
q8649,8
q4987,5
q4556,9
q9035,8
q9421,9
q6259,8
q139,12
q94,1
q11094,12
q159,12
q11123,12
q8146,12
q1635,12
q1636,10
q1637,0
q3093,17
q3094,17
q3095,17
q2430,12
q2431,0
q2432,17
q6565,17
q6566,13
q6567,5
q6568,10
q6929,1
q6930,1
q6931,1
q6932,1
q2220,15
q2221,11
q2222,14
q11196,14
q8150,12
q113,12
q11009,12
q11098,12
q3946,5
q6089,9
q3748,19
q4477,14
q69,1
q8079,12
q8083,12
q11221,14
q9,12
q11210,14
q8089,1
q11064,14
q10792,4
q10793,9
q10794,10
q10795,5
q2577,17
q2578,0
q2579,17
q2499,12
q2500,17
q2501,0
q2517,12
q2518,0
q2519,0
q128,12
q179,12
q10982,12
q168,12
q3051,6
q3052,6
q3053,6
q2796,17
q2797,17
q2798,0
q2790,17
q2791,0
q2792,14
q3171,12
q3173,10
q3172,10
q180,12
q2274,12
q2275,0
q2276,17
q2106,12
q2107,17
q2108,0
q8171,12
q10993,12
q3354,0
q3355,17
q3356,0
q2339,17
q2337,17
q2338,0
q1417,11
q1418,11
q1416,11
q2370,12
q2372,0
q2371,17
q1579,14
q1580,17
q1578,12
q1971,17
q1973,0
q1972,0
q2095,17
q2094,12
q2096,17
q1831,11
q1832,0
q1830,12
q2028,10
q2029,17
q2030,0
q2964,12
q2965,10
q2966,10
q3459,1
q3460,11
q3461,11
q3018,12
q3019,10
q3020,10
q2613,15
q2614,10
q2615,10
q2922,15
q2923,10
q2924,10
q2718,12
q2719,17
q2720,17
q10673,12
q10674,10
q10675,0
q5374,15
q9467,4
q4660,4
q9918,13
q9159,13
q5944,3
q3877,5
q6018,15
q11160,12
q8104,12
q2047,11
q2046,11
q2048,11
q10888,10
q10889,5
q10890,3
q10891,8
q6901,16
q6902,2
q6903,5
q6904,10
q6637,1
q6638,1
q6639,1
q6640,1
q6954,9
q6956,10
q6955,9
q6953,19
q5933,3
q6041,15
q8776,13
q9572,2
q4303,8
q2765,0
q2764,0
q2763,12
q3022,0
q3021,10
q3023,10
q10680,0
q10679,15
q10681,0
q2675,0
q2673,12
q2674,17
q2609,17
q2607,15
q2608,10
q3289,0
q3288,12
q3290,17
q11290,12
q11291,0
q11292,0
q2931,11
q2933,0
q2932,17
q2690,0
q2689,17
q2688,17
q2772,17
q2774,0
q2773,17
q2945,0
q2943,15
q2944,17
q2760,12
q2761,0
q2762,0
q8838,1
q11035,12
q3861,5
q4298,0
q6468,9
q5917,3
q8406,5
q4368,16
q5782,9
q3925,16
q5270,19
q4586,5
q4739,19
q5368,15
q9712,13
q3918,5
q4649,4
q3968,8
q5626,8
q4881,4
q5550,16
q4471,14
q9720,13
q4156,13
q8548,13
q9684,5
q5467,19
q4499,19
q3702,19
q9930,13
q5367,19
q3777,16
q5703,8
q8884,13
q9552,19
q5977,0
q4675,4
q9931,13
q17372,13
q5821,5
q4312,16
q11134,14
q11049,14
q11149,0
q17944,17
q18131,7
q6530,9
q6140,16
q8890,13
q9188,8
q4719,4
q5461,4
q9535,3
q17254,9
q8934,19
q4305,5
q5804,5
q4212,0
q10959,12
q10975,12
q11224,14
q2236,17
q2235,12
q2237,0
q2323,17
q2324,0
q2322,12
q4677,4
q3503,0
q3502,17
q3501,12
q3590,0
q3588,15
q3589,17
q2904,17
q2906,0
q2905,0
q2830,17
q2829,12
q2831,17
q7895,1
q7892,5
q7893,5
q7891,5
q7894,5
q3219,17
q3220,17
q3221,17
q2996,0
q2995,0
q2994,12
q3353,0
q3351,12
q3352,0
q2954,0
q2952,12
q2953,17
q10972,12
q11106,14
q2416,17
q2415,12
q2417,0
q1688,11
q1686,11
q1687,11
q11147,11
q2665,0
q2666,17
q2664,17
q3224,15
q3223,17
q3222,17
q10693,10
q10692,11
q10691,10
q3130,17
q3129,15
q3131,0
q11245,12
q140,12
q11011,12
q165,0
q86,12
q11020,12
q1523,11
q1521,11
q1522,11
q2227,17
q2226,0
q2228,0
q2211,11
q2213,11
q2212,11
q11789,8
q11787,9
q11788,10
q11790,4
q6657,1
q6660,1
q6659,1
q6658,5
q7124,2
q7123,2
q7854,5
q7855,5
q7851,3
q7852,3
q7853,5
q1862,0
q1861,14
q1860,12
q1732,14
q1733,0
q1731,17
q6866,1
q6867,1
q6865,1
q6868,1
q10788,19
q10790,8
q10789,5
q10791,10
q10925,8
q10926,6
q10927,10
q10924,3
q10853,4
q10855,13
q10854,10
q10852,3
q10636,9
q10635,8
q10637,10
q10634,5
q2488,17
q2487,12
q2489,0
q1625,0
q1623,15
q1624,10
q2439,11
q2440,11
q2441,11
q1763,0
q1762,11
q1761,11
q2198,11
q2196,11
q2197,11
q10633,10
q10630,8
q10631,2
q10632,13
q6987,2
q6988,10
q6986,8
q6985,9
q8591,4
q9137,13
q9861,8
q8614,8
q6602,10
q6601,5
q6603,3
q6604,13
q6800,5
q6797,1
q6799,1
q6798,1
q6654,8
q6655,10
q6656,3
q6653,8
q8230,3
q8227,5
q8229,5
q8228,5
q8231,5
q11028,14
q11042,12
q11003,12
q10348,8
q10350,10
q10351,3
q10349,8
q6880,10
q6877,9
q6879,8
q6878,8
q8526,5
q3819,16
q9382,3
q11124,12
q11069,12
q11010,12
q8071,12
q8484,5
q9643,19
q5412,19
q11205,12
q61,14
q11034,12
q11102,14
q11130,14
q11223,14
q2357,0
q2355,15
q2356,10
q4731,9
q5190,5
q10317,13
q6537,9
q4973,5
q5671,4
q5551,16
q8195,18
q193,12
q1868,0
q1866,15
q1867,10
q1404,15
q1406,0
q1405,17
q1495,17
q1496,0
q1494,17
q1938,15
q1940,0
q1939,17
q1691,0
q1690,11
q1689,12
q1449,11
q1450,12
q1451,0
q10039,19
q10050,19
q5038,4
q5710,8
q9636,19
q17217,0
q11630,10
q11628,5
q11627,5
q11629,4
q17360,0
q17348,5
q5434,4
q5582,0
q9486,5
q8458,5
q17125,8
q10933,8
q10934,10
q10935,8
q10932,16
q11732,9
q11734,10
q11731,13
q11733,9
q11800,5
q11802,14
q11801,4
q11799,10
q17144,16
q5634,16
q8845,5
q9620,9
q6047,19
q3803,19
q17390,17
q17365,15
q17073,2
q9530,3
q17308,19
q5723,16
q9563,19
q3908,16
q9403,2
q9800,8
q3816,15
q17335,16
q6211,9
q9908,16
q9798,8
q9562,19
q6761,1
q6764,1
q6762,1
q6763,1
q11660,10
q11661,3
q11659,16
q11662,4
q10185,8
q8935,19
q17375,2
q8831,17
q17264,6
q6055,8
q17079,9
q17400,18
q17250,9
q17129,3
q4334,8
q8429,5
q17066,16
q9028,13
q6754,16
q5911,16
q10620,2
q10618,10
q10621,13
q10619,13
q10775,9
q10773,10
q10772,5
q10774,5
q9927,13
q11910,10
q11908,19
q11907,13
q11909,15
q11639,10
q11641,13
q11642,16
q11640,3
q11537,8
q11535,10
q11538,2
q11536,4
q6777,4
q6779,19
q6780,10
q6778,8
q8802,5
q8677,9
q17294,16
q17377,16
q10868,10
q10869,8
q10870,16
q10871,9
q11745,4
q11744,4
q11746,8
q11743,10
q10777,5
q10778,19
q10776,10
q10779,16
q8938,3
q8418,5
q8967,9
q9618,9
q9364,12
q5203,5
q9818,6
q17574,6
q17587,2
q6491,2
q17262,4
q17091,0
q5229,8
q6010,8
q17831,17
q17962,12
q5959,16
q9521,8
q6003,16
q8809,3
q9527,3
q17110,8
q4373,16
q9476,5
q3796,15
q17303,3
q8972,3
q8814,7
q17326,3
q4232,4
q8829,17
q4332,8
q17340,3
q17345,19
q4875,4
q17046,16
q6121,16
q6076,7
q10225,5
q17229,14
q17907,18
q8345,3
q8344,5
q8346,1
q8343,5
q8342,3
q17784,10
q4965,5
q5370,4
q8739,16
q10012,19
q17096,16
q17243,19
q3624,5
q17844,17
q18108,15
q17875,7
q17805,6
q18085,18
q17857,15
q5992,9
q5363,19
q8688,9
q4515,16
q4037,18
q3761,4
q5292,0
q8082,12
q3638,5
q8701,19
q4661,4
q17233,2
q9068,5
q17215,16
q10240,8
q9513,8
q9744,8
q8646,8
q8517,8
q9962,5
q8551,13
q17593,8
q5997,16
q5224,4
q11155,12
q4575,8
q9617,9
q3991,4
q5457,15
q10060,5
q5380,3
q4923,19
q4267,3
q9934,13
q5179,5
q5643,4
q5621,16
q5028,5
q5440,15
q10251,8
q5915,8
q5151,5
q4895,5
q4437,8
q9424,12
q6046,15
q10923,8
q10922,3
q10920,10
q10921,4
q11031,12
q10703,13
q10702,5
q10700,17
q10701,10
q3972,8
q6219,9
q9862,13
q4725,4
q6198,4
q5644,0
q6415,4
q4991,5
q5640,5
q4807,4
q8070,12
q110,12
q45,14
q8129,12
q8060,12
q8062,12
q8136,14
q8073,12
q80,12
q8100,12
q151,14
q8055,12
q4408,3
q5306,2
q6037,4
q4020,15
q8913,9
q5628,15
q8388,8
q4094,16
q3903,9
q4057,8
q8663,8
q3794,4
q4333,8
q9090,5
q8988,9
q5311,16
q6116,9
q5317,16
q4369,16
q4405,16
q11113,14
q8155,12
q14,12
q8107,12
q5982,16
q9328,19
q4726,4
q3882,5
q17302,2
q8969,16
q6138,19
q9484,5
q9763,13
q3895,5
q6288,5
q3896,5
q3851,5
q5239,9
q5168,5
q11138,12
q4759,16
q10201,8
q5422,19
q9977,5
q5715,5
q6216,9
q3650,5
q4815,5
q5733,9
q5751,5
q6155,3
q91,12
q8148,12
q11058,12
q107,1
q11200,14
q44,12
q11087,14
q8088,12
q4239,19
q3683,13
q9037,5
q8515,13
q5514,15
q6923,4
q6922,7
q6924,10
q6921,5
q10345,13
q10347,4
q10346,10
q10344,7
q6695,1
q6694,1
q6693,1
q6696,1
q6635,10
q6634,13
q6636,8
q6633,3
q10173,13
q5870,5
q5567,3
q5584,16
q4000,8
q6013,8
q6527,19
q9025,3
q6744,15
q9018,19
q6545,4
q5344,17
q10101,8
q5572,3
q9363,16
q5075,16
q8496,8
q8661,9
q3662,5
q3990,19
q4206,13
q4384,16
q9358,14
q8130,12
q11076,12
q5499,4
q6228,9
q9924,13
q11101,12
q11207,12
q8160,12
q21,12
q6805,9
q6806,10
q6807,8
q6808,13
q3069,15
q3070,17
q3071,14
q2961,10
q2962,0
q2963,10
q3576,17
q3577,17
q3578,17
q3525,12
q3526,12
q3527,0
q2841,11
q2842,11
q2843,1
q3432,15
q3433,10
q3434,0
q3009,15
q3010,12
q3011,0
q5571,16
q10212,5
q10768,10
q10769,0
q10770,2
q10771,2
q5543,3
q10136,8
q3996,8
q9510,8
q4742,5
q8942,19
q6969,1
q6970,1
q6971,1
q6972,1
q1464,15
q1465,12
q1466,17
q6989,5
q6990,1
q6991,1
q6992,1
q4011,15
q1510,17
q1511,17
q1509,12
q1485,15
q1486,12
q1487,0
q2451,15
q2452,17
q2453,0
q1539,15
q1540,12
q1541,0
q9131,8
q156,12
q4743,2
q3441,15
q3442,17
q3443,17
q2697,17
q2698,17
q2699,0
q10670,6
q10671,6
q10672,6
q3066,15
q3067,14
q3068,0
q9030,8
q6016,16
q9162,13
q1914,17
q1915,17
q1916,0
q2526,15
q2527,17
q2528,0
q1965,15
q1966,12
q1967,0
q7426,2
q7427,2
q7428,1
q7429,2
q10061,5
q2868,12
q2869,10
q2870,0
q3210,17
q3211,6
q3212,0
q3237,17
q3238,0
q3239,17
q2169,11
q2170,11
q2171,11
q4794,13
q3033,15
q3034,12
q3035,0
q2730,15
q2731,0
q2732,17
q2181,12
q2182,17
q2183,0
q2367,11
q2368,11
q2369,11
q1668,15
q1669,17
q1670,0
q2505,12
q2506,15
q2507,0
q2535,17
q2536,17
q2537,0
q2316,15
q2317,0
q2318,0
q3640,5
q5862,0
q11050,14
q10949,14
q11044,12
q8093,12
q11090,12
q4939,5
q10009,4
q2496,15
q2497,17
q2498,0
q3198,12
q3199,6
q3200,17
q3474,15
q3475,17
q3476,0
q3573,15
q3574,17
q3575,17
q2928,15
q2929,17
q2930,0
q9649,19
q4090,4
q8049,12
q1890,12
q1891,17
q1892,10
q1551,12
q1552,0
q1553,0
q2644,17
q2645,17
q2643,15
q2811,12
q2813,0
q2812,17
q6814,1
q6815,1
q6816,5
q6813,1
q3030,15
q3031,17
q3032,0
q3735,19
q5589,3
q3704,19
q3781,15
q9972,5
q6723,9
q90,12
q11001,14
q23,12
q72,12
q11182,14
q11165,12
q10979,14
q2229,15
q2230,0
q2231,17
q4776,3
q8613,8
q4264,15
q10697,15
q10698,0
q10699,17
q8898,8
q9197,13
q9127,13
q9173,13
q11807,10
q11808,7
q11809,8
q11810,4
q2217,12
q2218,12
q2219,14
q2547,12
q2548,17
q2549,0
q1794,12
q1795,0
q1796,17
q2280,12
q2281,17
q2282,0
q1974,15
q1975,17
q1976,0
q5295,0
q9936,8
q3750,15
q4925,16
q2295,12
q2296,17
q2297,14
q1458,17
q1459,17
q1460,0
q5919,3
q3156,15
q3157,10
q3158,0
q11021,12
q11209,14
q2265,17
q2266,0
q2267,0
q10812,8
q10814,10
q10815,4
q10813,5
q1434,17
q1435,12
q1436,0
q2376,11
q2377,11
q2378,11
q2007,15
q2008,0
q2009,0
q1995,12
q1996,17
q1997,0
q1605,0
q1606,14
q1607,0
q1899,15
q1900,17
q1901,0
q2172,12
q2173,17
q2174,0
q2889,17
q2890,0
q2891,0
q3249,12
q3250,12
q3251,14
q3168,12
q3169,6
q3170,0
q3036,12
q3037,15
q3038,17
q3042,11
q3043,0
q3044,0
q3531,15
q3532,17
q3533,0
q2727,15
q2728,0
q2729,0
q2871,17
q2872,17
q2873,17
q2403,12
q2404,17
q2405,10
q1878,12
q1879,17
q1880,10
q1968,15
q1969,0
q1970,0
q1953,15
q1954,12
q1955,0
q1905,12
q1906,17
q1907,0
q3027,12
q3028,0
q3029,0
q54,12
q11173,12
q1839,12
q1840,17
q1841,17
q2400,15
q2401,10
q2402,0
q1842,11
q1843,11
q1844,11
q1926,17
q1927,10
q1928,0
q3519,15
q3520,10
q3521,0
q3384,12
q3385,0
q3386,17
q3330,10
q3331,14
q3332,0
q11314,12
q11315,14
q11316,0
q2724,12
q2725,15
q2726,17
q3078,10
q3079,14
q3080,10
q2949,17
q2950,17
q2951,0
q3540,15
q3541,17
q3542,0
q2976,15
q2977,11
q2978,1
q1608,17
q1609,12
q1610,10
q1722,15
q1723,0
q1724,14
q2040,15
q2041,14
q2042,17
q2208,15
q2209,14
q2210,17
q3306,15
q3307,12
q3308,0
q3438,15
q3439,0
q3440,0
q3159,15
q3160,0
q3161,0
q1809,12
q1810,17
q1811,0
q2349,15
q2350,17
q2351,0
q1530,11
q1531,14
q1532,0
q3381,10
q3382,10
q3383,0
q2982,15
q2983,17
q2984,17
q3195,17
q3196,17
q3197,0
q2802,12
q2803,10
q2804,0
q3558,6
q3559,6
q3560,6
q3267,15
q3268,0
q3269,14
q3183,15
q3184,14
q3185,0
q1442,11
q1440,11
q1441,11
q2448,12
q2449,0
q2450,0
q1472,11
q1471,0
q1470,12
q2572,17
q2571,15
q2573,0
q1599,17
q1601,0
q1600,14
q1612,10
q1613,17
q1611,17
q1704,11
q1706,11
q1705,11
q2825,17
q2823,0
q2824,17
q3465,17
q3467,0
q3466,17
q11280,0
q11278,15
q11279,17
q3537,12
q3538,17
q3539,0
q2738,0
q2736,15
q2737,12
q3025,17
q3026,17
q3024,15
q2827,10
q2826,15
q2828,0
q3303,10
q3304,0
q3305,0
q1859,0
q1858,14
q1857,17
q2058,11
q2060,11
q2059,11
q1594,14
q1593,17
q1595,0
q2810,17
q2808,17
q2809,0
q3596,0
q3594,12
q3595,17
q2681,0
q2679,12
q2680,17
q2700,15
q2701,11
q2702,0
q3097,14
q3096,17
q3098,0
q2743,17
q2742,15
q2744,0
q3015,15
q3016,10
q3017,0
q3300,12
q3301,10
q3302,0
q3316,18
q3317,18
q3315,18
q5857,16
q1424,0
q1422,12
q1423,0
q2443,17
q2444,17
q2442,15
q4237,15
q2466,17
q2468,0
q2467,17
q2140,17
q2139,12
q2141,0
q8685,8
q2569,0
q2568,12
q2570,17
q1924,0
q1925,10
q1923,12
q1697,11
q1695,11
q1696,11
q1707,12
q1708,12
q1709,14
q3327,6
q3329,6
q3328,6
q3257,6
q3256,6
q3255,6
q3146,0
q3144,15
q3145,17
q3003,17
q3005,0
q3004,18
q2049,11
q2051,11
q2050,11
q2308,14
q2307,15
q2309,0
q1558,17
q1559,0
q1557,15
q3508,17
q3509,0
q3507,12
q2410,10
q2411,0
q2409,12
q1807,17
q1808,17
q1806,15
q2388,12
q2390,10
q2389,17
q1506,15
q1507,17
q1508,17
q3152,17
q3151,17
q3150,12
q10986,14
q6320,3
q9907,5
q9982,3
q4108,4
q1956,15
q1957,0
q1958,0
q1725,12
q1727,0
q1726,14
q8135,12
q87,14
q10287,5
q6455,16
q5830,5
q5296,0
q3006,15
q3007,12
q3008,17
q3420,12
q3421,0
q3422,0
q11246,12
q76,12
q11151,0
q3423,15
q3424,10
q3425,10
q3063,6
q3064,6
q3065,6
q10210,5
q9724,13
q4154,3
q9511,8
q2074,11
q2073,11
q2075,11
q1604,17
q1602,17
q1603,14
q2565,15
q2566,12
q2567,0
q1947,15
q1949,0
q1948,12
q2382,12
q2383,10
q2384,0
q2232,12
q2233,17
q2234,0
q1591,14
q1592,0
q1590,12
q1680,11
q1681,11
q1682,11
q2327,17
q2325,12
q2326,17
q2780,0
q2779,10
q2778,12
q11286,0
q11284,15
q11285,17
q3287,10
q3286,0
q3285,10
q3401,6
q3399,6
q3400,6
q2299,12
q2298,15
q2300,14
q2286,12
q2287,12
q2288,14
q1444,17
q1445,0
q1443,15
q1828,17
q1827,15
q1829,0
q10962,12
q8072,14
q37,12
q2186,17
q2184,12
q2185,0
q1452,12
q1454,17
q1453,0
q2335,0
q2334,12
q2336,0
q2199,15
q2200,12
q2201,14
q2128,17
q2129,0
q2127,17
q1629,12
q1631,0
q1630,10
q2070,11
q2071,11
q2072,11
q11248,1
q8151,14
q11023,12
q8091,12
q3452,17
q3450,17
q3451,17
q2874,12
q2875,17
q2876,17
q3547,10
q3548,10
q3546,15
q2925,17
q2926,0
q2927,0
q119,12
q2044,0
q2045,14
q2043,15
q2190,12
q2191,17
q2192,0
q2541,15
q2543,0
q2542,17
q1855,14
q1856,0
q1854,12
q2253,15
q2255,0
q2254,12
q2375,14
q2374,11
q2373,12
q1815,12
q1817,0
q1816,12
q11150,12
q6728,13
q17301,13
q8650,8
q10168,13
q8396,2
q5824,5
q4416,16
q10149,13
q10071,5
q9760,13
q17098,4
q5141,5
q4356,19
q4832,9
q4214,5
q8735,17
q2293,14
q2292,12
q2294,17
q1813,17
q1814,0
q1812,15
q2001,12
q2003,17
q2002,14
q1845,17
q1846,17
q1847,0
q1838,11
q1837,11
q1836,11
q2653,17
q2652,17
q2654,0
q3115,14
q3114,15
q3116,0
q3377,0
q3376,10
q3375,12
q2314,0
q2313,15
q2315,0
q1993,0
q1994,10
q1992,12
q2510,0
q2509,12
q2508,12
q2144,0
q2143,17
q2142,12
q2385,12
q2387,10
q2386,17
q1676,0
q1674,12
q1675,15
q1627,10
q1628,0
q1626,15
q2301,12
q2302,17
q2303,14
q1448,17
q1447,17
q1446,12
q3208,10
q3209,10
q3207,10
q3471,15
q3472,15
q3473,0
q3062,10
q3060,17
q3061,0
q8558,13
q4072,9
q8503,8
q9050,8
q2414,0
q2412,12
q2413,11
q5961,3
q5033,16
q6025,4
q4867,4
q3604,5
q8577,8
q17143,5
q4236,15
q4562,4
q5995,3
q5479,4
q4380,16
q5619,15
q8805,3
q6563,13
q6564,10
q6561,5
q6562,8
q17988,17
q6648,1
q6645,1
q6647,1
q6646,1
q10764,8
q10765,13
q10766,10
q10767,5
q11539,13
q11542,2
q11540,10
q11541,4
q2268,15
q2270,0
q2269,17
q17754,17
q17902,7
q9423,2
q9343,4
q9414,6
q11296,12
q11297,17
q11298,0
q17175,15
q17578,16
q17236,15
q5139,5
q9405,10
q9420,19
q17325,8
q17385,8
q8997,19
q9017,2
q5548,3
q9676,8
q17570,9
q17283,19
q17300,16
q17081,9
q4789,0
q17194,16
q17232,19
q17389,0
q9898,16
q17207,14
q9352,10
q17278,9
q17177,19
q6098,19
q17196,14
q17571,2
q17185,4
q17244,3
q8952,7
q8209,7
q3275,14
q3274,10
q3273,12
q2914,12
q2915,0
q2913,15
q11272,15
q11273,17
q11274,0
q17901,7
q17821,18
q18074,10
q11962,10
q11959,19
q11961,8
q11960,3
q6621,4
q6623,10
q6622,9
q6624,5
q17293,15
q3746,19
q8087,12
q42,12
q88,12
q1701,12
q1702,17
q1703,14
q2109,12
q2110,0
q2111,17
q2112,15
q2113,12
q2114,17
q2892,17
q2893,0
q2894,0
q3186,6
q3187,6
q3188,6
q9597,16
q3797,15
q746,17
q964,7
q8064,12
q6134,9
q1710,11
q1711,11
q1712,11
q2352,12
q2353,17
q2354,0
q2091,15
q2092,12
q2093,0
q1467,15
q1468,12
q1469,17
q2100,12
q2101,0
q2102,0
q1022,15
q4329,8
q3835,15
q10159,13
q10844,19
q10845,10
q10846,8
q10847,16
q2478,11
q2479,11
q2480,11
q1863,15
q1864,10
q1865,0
q20,1
q8178,12
q8123,14
q1413,17
q1414,12
q1415,0
q2955,15
q2956,11
q2957,0
q3366,15
q3367,10
q3368,10
q4595,8
q5194,5
q9350,8
q4866,4
q5616,8
q9121,8
q8018,2
q8019,2
q8020,2
q8021,3
q8722,14
q9136,8
q9466,8
q5994,16
q11222,14
q9832,5
q4149,15
q6220,9
q3961,0
q4385,16
q5473,4
q4376,3
q3765,15
q3694,14
q6424,5
q10622,10
q10623,8
q10624,13
q10625,7
q6677,1
q6678,1
q6679,1
q6680,1
q10610,19
q10611,17
q10612,10
q10613,5
q10816,10
q10817,8
q10818,9
q10819,13
q6697,16
q6698,8
q6699,4
q6700,10
q10840,16
q10841,5
q10842,8
q10843,10
q6817,5
q6818,1
q6819,1
q6820,1
q10880,5
q10881,10
q10882,8
q10883,5
q10916,8
q10917,2
q10918,3
q10919,10
q10736,10
q10737,5
q10738,7
q10739,9
q8771,13
q11127,14
q1644,17
q1645,12
q1646,17
q3216,6
q3217,6
q3218,6
q3363,12
q3364,17
q3365,17
q8540,8
q8212,1
q8213,5
q8214,3
q8215,5
q8216,5
q4697,4
q6344,5
q5152,19
q5538,3
q3872,5
q5610,13
q4910,19
q5820,5
q5860,8
q4735,9
q6400,8
q5170,5
q6096,9
q4625,4
q8464,5
q10187,8
q5535,0
q4458,3
q6231,8
q4650,4
q9427,13
q4345,16
q10236,8
q8372,3
q5637,16
q8438,5
q4359,8
q9345,19
q4436,16
q3778,15
q3836,15
q4906,4
q5943,3
q8963,19
q6146,13
q9181,8
q9757,13
q5553,8
q4155,19
q5208,5
q4225,4
q8561,13
q5975,3
q9662,19
q8786,8
q4851,4
q10014,19
q6217,9
q5576,0
q3762,15
q5921,8
q4482,16
q5749,5
q9971,5
q4907,8
q9130,5
q3878,5
q5372,4
q4909,8
q5832,16
q4019,5
q4786,5
q5111,5
q3842,4
q4085,9
q5074,16
q5117,8
q4699,4
q5965,0
q5899,8
q5301,16
q3772,4
q4435,16
q9938,8
q5721,5
q5491,15
q4977,5
q5672,9
q9842,13
q4427,16
q5080,15
q5964,3
q5375,15
q3739,19
q5343,17
q8467,5
q8520,13
q8544,13
q4700,4
q4900,4
q5979,0
q6032,8
q4216,4
q6418,13
q4778,19
q9954,8
q6207,9
q4709,4
q8782,13
q4903,0
q5859,9
q3757,15
q8420,5
q11133,14
q6825,1
q6826,1
q6827,1
q6828,1
q4354,16
q10160,13
q5704,13
q6009,16
q6084,9
q4626,4
q9695,13
q5865,5
q5109,13
q8405,5
q4004,3
q6011,16
q9052,8
q6416,9
q9983,3
q10277,8
q5314,16
q6519,0
q4036,18
q3949,5
q5702,8
q10214,5
q8862,13
q9840,5
q9399,12
q9348,9
q3693,13
q5086,15
q4389,16
q9577,19
q3810,15
q8603,8
q8749,12
q8758,13
q9195,13
q3729,19
q10198,8
q3853,5
q4393,3
q4251,4
q5431,15
q9000,19
q10052,19
q8799,13
q6317,5
q3832,15
q4147,16
q3840,15
q6381,13
q5125,5
q9764,5
q4284,13
q5670,9
q6730,13
q5522,15
q4708,4
q17070,9
q5020,5
q6283,5
q17165,15
q8450,5
q4448,3
q4812,5
q9150,8
q9045,5
q6014,0
q8497,8
q147,14
q8158,12
q102,12
q1475,11
q1474,11
q1473,11
q3125,0
q3123,15
q3124,11
q6214,19
q6672,1
q6669,1
q6671,1
q6670,1
q6893,1
q6896,1
q6894,5
q6895,1
q6122,2
q2340,12
q2342,0
q2341,12
q1776,15
q1778,11
q1777,11
q2086,17
q2085,17
q2087,17
q1655,17
q1653,12
q1654,17
q1333,17
q2061,17
q2062,12
q2063,0
q3494,0
q3492,12
q3493,0
q3350,0
q3349,0
q3348,12
q1139,17
q8410,5
q8156,11
q441,7
q207,6
q1020,7
q761,17
q3153,12
q3154,15
q3155,0
q7280,2
q7279,2
q464,15
q1930,10
q1931,0
q1929,17
q2240,17
q2238,12
q2239,17
q7462,5
q7460,1
q7461,1
q7464,5
q7463,1
q9790,8
q4752,15
q9076,9
q4362,4
q5845,16
q2271,12
q2272,17
q2273,0
q3128,0
q3127,14
q3126,12
q3515,0
q3513,15
q3514,17
q3134,17
q3132,17
q3133,0
q1677,11
q1678,11
q1679,11
q10651,4
q10653,8
q10652,10
q10650,4
q11304,17
q11303,0
q11302,17
q3182,0
q3181,10
q3180,15
q6852,0
q6850,9
q6851,10
q6849,4
q10838,19
q10836,13
q10837,16
q10839,10
q10974,12
q5856,16
q6619,10
q6617,9
q6618,5
q6620,8
q6999,1
q7000,1
q6998,1
q6997,1
q1833,15
q1835,17
q1834,0
q3568,10
q3569,0
q3567,12
q11240,14
q1658,17
q1657,17
q1656,17
q10689,0
q10688,15
q10690,0
q2918,0
q2917,17
q2916,15
q9460,8
q10172,13
q3675,8
q3118,10
q3117,15
q3119,14
q8422,5
q4132,18
q6689,5
q6690,1
q6691,1
q6692,1
q10606,6
q10607,15
q10608,17
q10609,10
q10828,13
q10829,8
q10830,16
q10831,10
q7820,2
q7821,2
q7822,1
q7013,1
q7014,1
q7015,1
q7016,1
q7017,1
q7079,3
q7080,3
q7081,3
q7082,3
q7083,3
q1563,15
q1564,10
q1565,17
q2580,12
q2581,17
q2582,0
q4245,4
q6380,13
q85,12
q10708,8
q10709,10
q10710,5
q10711,19
q10602,3
q10603,8
q10604,8
q10605,10
q9355,9
q5818,5
q3279,15
q3280,17
q3281,0
q3621,5
q3753,15
q4213,9
q5991,0
q4912,13
q6873,1
q6874,1
q6875,5
q6876,1
q10848,13
q10849,16
q10850,10
q10851,5
q5586,3
q5766,8
q2346,12
q2347,11
q2348,0
q11281,15
q11282,17
q11283,17
q7801,1
q7802,1
q7803,5
q7804,1
q7805,5
q7632,2
q7633,3
q7634,1
q7074,5
q7075,5
q7076,5
q7077,5
q7078,5
q5474,4
q3108,15
q3109,14
q3110,10
q8985,8
q9858,13
q7709,2
q7710,2
q7711,1
q7712,3
q10952,14
q93,12
q2799,15
q2800,17
q2801,17
q2634,15
q2635,15
q2636,0
q6609,5
q6610,10
q6611,19
q6612,13
q8871,13
q2937,11
q2938,11
q2939,10
q9564,18
q9727,13
q2910,17
q2911,17
q2912,17
q4093,14
q6350,0
q2781,15
q2782,10
q2783,10
q2667,15
q2668,17
q2669,0
q4009,13
q10796,10
q10797,8
q10798,4
q10799,0
q9864,5
q9143,8
q9118,5
q8865,8
q6403,8
q2625,12
q2626,10
q2627,0
q7485,5
q7486,5
q7487,3
q7488,5
q7489,5
q10215,5
q3453,17
q3454,17
q3455,0
q3342,12
q3343,10
q3344,0
q10694,17
q10695,17
q10696,0
q11228,14
q4447,3
q3099,15
q3100,11
q3101,11
q3495,15
q3496,12
q3497,0
q10665,13
q10662,8
q10663,10
q10664,8
q6641,5
q6642,4
q6644,10
q6643,13
q10734,13
q10733,4
q10732,10
q10735,4
q6701,1
q6703,1
q6704,1
q6702,1
q6707,10
q6706,4
q6708,15
q6705,13
q3545,6
q3543,6
q3544,6
q2846,0
q2845,10
q2844,10
q2807,0
q2805,15
q2806,15
q2897,10
q2896,0
q2895,15
q11305,15
q11307,0
q11306,12
q6570,10
q6569,16
q6571,8
q6572,8
q11180,14
q10676,11
q10678,10
q10677,10
q10264,8
q7648,3
q7647,2
q7650,2
q7649,2
q7763,5
q7764,3
q7248,5
q7250,5
q7249,5
q7247,1
q7251,1
q7975,5
q7976,5
q7974,5
q7973,5
q7977,5
q4756,8
q17120,13
q6473,8
q3890,5
q4209,3
q10712,10
q10713,13
q10714,19
q10715,9
q9502,8
q2589,15
q2590,10
q2591,0
q11527,13
q11528,10
q11529,4
q11530,8
q3000,12
q3001,17
q3002,0
q7044,5
q7045,5
q7046,3
q7047,5
q7048,5
q7437,2
q7438,3
q7439,5
q11038,14
q11117,12
q1791,12
q1792,12
q1793,0
q2703,17
q2704,17
q2705,17
q7964,2
q7963,1
q7962,5
q3345,12
q3346,0
q3347,0
q6881,13
q6882,4
q6883,8
q6884,10
q11032,14
q10105,8
q5201,5
q144,12
q7261,5
q7258,5
q7259,5
q7257,5
q7260,5
q11065,12
q7466,2
q7465,2
q3477,17
q3478,17
q3479,0
q10911,5
q10910,5
q10908,19
q10909,10
q7868,5
q7870,3
q7869,5
q7867,3
q7866,5
q10902,8
q10901,14
q10900,4
q10903,10
q6095,9
q11953,12
q11952,19
q11951,10
q11954,5
q7965,2
q7966,5
q7967,2
q7292,1
q7293,5
q7295,5
q7294,5
q7296,1
q6802,5
q6801,1
q6803,5
q6804,1
q6845,3
q6846,13
q6847,10
q6848,8
q10873,10
q10872,13
q10875,9
q10874,19
q11773,10
q11774,16
q11771,8
q11772,4
q1614,15
q1615,10
q1616,17
q10800,10
q10801,19
q10802,5
q10803,9
q7532,5
q7533,1
q7534,5
q7531,5
q7530,3
q7348,3
q7349,1
q7347,5
q7350,2
q18059,18
q18032,17
q17916,17
q17930,12
q18082,10
q17899,7
q17746,12
q17992,17
q17935,17
q17765,6
q17885,6
q17774,17
q11002,12
q10964,12
q17733,14
q11062,12
q10983,14
q17968,10
q17776,10
q17460,17
q17461,17
q17459,17
q11815,9
q11818,5
q11816,10
q11817,8
q7034,1
q7035,5
q7038,5
q7036,3
q7037,5
q18127,7
q18051,18
q18083,15
q4397,16
q6429,5
q11215,12
q2214,11
q2216,11
q2215,11
q3105,17
q3106,17
q3107,0
q3248,0
q3247,10
q3246,10
q3318,17
q3320,17
q3319,17
q3215,0
q3214,10
q3213,15
q8691,8
q17170,13
q17364,19
q4784,5
q8991,19
q11768,10
q11767,13
q11770,9
q11769,16
q11897,10
q11896,5
q11895,8
q11898,16
q6772,8
q6769,10
q6770,19
q6771,4
q11857,9
q11855,8
q11858,2
q11856,10
q8655,9
q17396,13
q8439,5
q182,12
q6505,0
q6526,9
q5684,16
q5855,16
q5705,13
q6310,5
q5176,5
q8287,5
q8290,5
q8289,5
q8291,5
q8288,5
q6356,0
q5952,0
q9538,3
q2604,15
q2606,0
q2605,10
q2766,12
q2768,0
q2767,0
q9384,8
q7959,2
q7958,2
q7961,2
q7960,2
q7827,5
q7830,5
q7828,5
q7826,5
q7829,5
q7175,2
q7178,2
q7177,3
q7176,5
q7405,5
q7402,2
q7403,3
q7404,3
q2822,0
q2821,15
q2820,12
q3437,17
q3436,0
q3435,15
q3162,17
q3164,17
q3163,17
q7434,2
q7436,2
q7435,3
q7332,2
q7331,3
q7333,1
q7334,2
q7708,2
q7706,1
q7707,2
q7255,5
q7253,5
q7256,1
q7254,5
q7252,1
q10904,8
q10906,8
q10907,13
q10905,10
q4048,19
q2438,0
q2436,15
q2437,12
q2554,17
q2553,0
q2555,0
q2025,15
q2026,17
q2027,0
q2125,17
q2126,0
q2124,12
q3206,17
q3205,0
q3204,17
q2678,17
q2677,17
q2676,15
q7641,2
q7640,5
q7642,5
q7024,3
q7023,5
q7025,2
q7022,5
q8220,1
q8218,5
q8217,5
q8221,5
q8219,5
q8234,5
q8233,3
q8235,5
q8236,1
q8232,5
q7780,3
q7779,3
q7778,2
q7109,3
q7108,2
q7062,5
q7059,5
q7063,5
q7061,3
q7060,5
q7732,5
q7731,3
q7729,5
q7730,2
q7516,1
q7518,5
q7517,5
q7515,5
q7519,5
q7978,5
q7981,5
q7980,5
q7979,5
q7982,5
q8252,5
q8254,5
q8256,3
q8255,5
q8253,5
q7761,3
q7762,2
q8559,13
q2529,12
q2531,0
q2530,0
q11276,17
q11275,15
q11277,0
q2907,15
q2908,17
q2909,0
q10913,9
q10915,10
q10914,5
q10912,4
q7726,5
q7727,2
q7725,2
q7728,1
q7204,5
q7205,3
q7203,5
q7206,5
q7202,5
q7394,3
q7396,5
q7395,3
q7397,2
q7477,1
q7475,1
q7476,5
q7479,5
q7478,5
q7972,5
q7969,5
q7968,5
q7971,5
q7970,5
q7298,2
q7299,2
q7297,2
q7603,1
q7606,1
q7607,5
q7604,5
q7605,3
q7414,3
q7415,2
q7416,2
q7417,2
q7771,2
q7772,2
q7770,2
q7413,2
q7411,2
q7412,1
q7410,2
q7602,2
q7599,2
q7600,5
q7601,3
q8337,1
q8338,1
q8340,1
q8339,1
q8341,1
q7807,5
q7806,1
q7809,1
q7808,1
q7810,1
q7120,5
q7121,5
q7118,5
q7122,5
q7119,1
q7352,2
q7351,5
q7353,3
q7354,2
q8025,2
q8023,3
q8022,5
q8024,3
q7501,3
q7502,5
q7500,5
q7504,1
q7503,5
q7359,2
q7361,5
q7360,2
q7362,3
q8278,1
q8279,1
q8277,1
q8280,1
q8281,1
q7721,5
q7723,2
q7724,5
q7722,2
q7542,5
q7543,5
q7540,5
q7541,5
q7544,3
q7198,5
q7201,5
q7200,1
q7197,1
q7199,5
q8353,1
q8355,5
q8352,1
q8354,1
q8356,1
q7300,5
q7301,1
q7302,2
q7686,5
q7687,3
q7005,3
q7006,2
q7004,5
q7343,5
q7346,2
q7344,3
q7345,1
q7537,5
q7536,5
q7535,3
q7539,5
q7538,1
q8030,3
q8032,2
q8033,5
q8031,3
q5886,5
q10058,5
q9855,8
q5512,15
q4523,9
q3844,4
q6428,13
q10314,5
q9596,9
q4984,5
q6080,9
q5924,3
q9890,8
q5835,16
q4197,3
q3818,4
q8610,8
q10047,19
q8451,5
q4651,4
q4868,4
q9401,9
q6104,9
q6059,19
q5983,16
q5469,15
q10270,5
q3736,19
q4736,5
q4573,13
q8679,9
q3646,5
q9975,5
q8398,9
q9468,4
q5936,3
q5087,4
q4228,4
q8206,8
q4191,8
q9344,19
q5427,8
q10117,8
q10078,3
q3637,5
q6357,16
q9515,8
q5869,5
q4426,16
q9105,8
q5357,19
q9688,5
q5798,5
q10092,8
q6471,5
q5131,5
q4570,8
q4618,8
q8616,13
q9779,5
q4583,8
q3945,5
q5081,0
q8641,13
q5588,16
q4864,4
q5015,5
q5990,16
q3727,19
q5935,3
q4128,5
q5254,9
q8383,0
q4681,4
q4950,5
q4415,16
q9331,19
q8896,5
q10118,13
q5864,0
q10030,19
q6339,13
q5299,0
q11186,12
q6909,19
q6911,10
q6912,8
q6910,5
q2456,0
q2455,0
q2454,12
q3511,0
q3512,17
q3510,15
q2637,12
q2639,17
q2638,17
q11080,14
q9903,9
q6031,4
q4929,19
q9388,12
q5025,5
q4657,4
q10224,5
q2981,0
q2980,15
q2979,15
q2899,10
q2898,15
q2900,0
q6597,16
q6598,10
q6600,13
q6599,13
q10886,5
q10885,19
q10884,13
q10887,10
q3113,6
q3111,6
q3112,6
q10985,12
q11016,12
q10957,14
q11617,7
q11618,4
q11615,10
q11616,8
q5750,5
q2682,15
q2684,0
q2683,17
q3012,17
q3013,17
q3014,17
q2723,0
q2722,17
q2721,12
q2990,0
q2988,15
q2989,12
q11136,12
q11059,14
q11294,0
q11295,0
q11293,15
q3326,14
q3325,10
q3324,12
q11634,8
q11632,10
q11631,2
q11633,13
q11684,10
q11685,5
q11683,8
q11686,4
q3905,8
q10746,10
q10744,8
q10745,13
q10747,19
q11204,12
q2839,17
q2838,12
q2840,0
q8697,9
q8486,5
q8766,13
q3463,17
q3464,0
q3462,12
q2661,12
q2662,0
q2663,0
q3229,10
q3230,10
q3228,15
q10938,10
q10936,13
q10937,19
q10939,13
q6785,1
q6788,5
q6786,1
q6787,1
q11728,8
q11727,9
q11729,8
q11730,10
q3357,17
q3359,0
q3358,17
q6594,10
q6596,5
q6595,2
q6593,8
q11706,14
q11703,8
q11705,10
q11704,4
q10364,4
q10366,13
q10365,10
q10367,4
q6824,10
q6822,0
q6821,8
q6823,13
q11312,17
q11313,17
q11311,12
q9120,8
q2884,11
q2883,11
q2885,1
q3337,14
q3336,15
q3338,0
q11709,10
q11707,2
q11708,15
q11710,8
q11832,16
q11831,13
q11833,8
q11834,10
q10941,10
q10942,13
q10940,3
q10943,15
q11237,12
q11071,14
q11103,12
q11041,12
q11213,12
q11119,12
q11030,14
q11144,12
q6024,16
q11864,10
q11866,5
q11865,14
q11863,13
q6614,2
q6613,16
q6616,8
q6615,10
q11558,9
q11555,19
q11556,13
q11557,10
q11208,12
q11120,14
q11040,12
q11198,12
q11081,14
q11066,12
q11154,12
q11236,14
q11027,14
q11243,12
q11168,12
q10994,14
q11829,5
q11828,8
q11830,5
q11827,10
q11578,16
q11575,10
q11576,5
q11577,4
q11850,8
q11849,10
q11848,5
q11847,13
q11609,10
q11608,8
q11607,16
q11610,19
q11702,10
q11700,16
q11701,13
q11699,16
q11580,9
q11579,16
q11582,5
q11581,10
q11697,8
q11696,10
q11698,4
q11695,8
q10807,8
q10804,19
q10806,10
q10805,5
q11780,14
q11781,4
q11779,8
q11782,10
q11862,13
q11861,2
q11859,16
q11860,10
q6608,4
q6607,5
q6606,10
q6605,19
q11550,5
q11548,4
q11547,15
q11549,10
q11157,14
q11000,14
q11232,12
q11096,14
q10996,12
q3283,17
q3284,0
q3282,15
q3047,0
q3045,15
q3046,17
q2646,12
q2648,0
q2647,17
q10719,10
q10717,16
q10718,3
q10716,8
q11867,10
q11870,7
q11869,8
q11868,4
q11681,16
q11682,10
q11679,13
q11680,13
q10946,4
q10947,8
q10944,10
q10945,3
q11590,13
q11588,2
q11589,8
q11587,10
q11146,12
q11234,14
q10988,12
q11176,12
q2733,12
q2734,10
q2735,10
q3408,12
q3409,17
q3410,0
q11884,8
q11885,0
q11883,16
q11886,10
q6630,5
q6631,10
q6632,9
q6629,8
q11893,10
q11891,5
q11894,7
q11892,8
q11846,15
q11844,8
q11843,6
q11845,10
q11690,19
q11687,10
q11688,8
q11689,16
q11663,16
q11665,9
q11664,13
q11666,10
q10989,12
q11166,12
q11190,14
q11093,12
q10968,12
q11114,14
q11219,12
q3291,10
q3292,10
q3293,0
q11309,17
q11308,12
q11310,17
q11235,12
q11091,12
q11022,1
q11111,14
q11008,12
q10999,12
q3555,15
q3557,10
q3556,10
q11643,16
q11645,19
q11644,13
q11646,10
q10614,13
q10615,10
q10617,8
q10616,2
q11882,10
q11880,8
q11881,16
q11879,13
q11621,16
q11620,19
q11619,5
q11622,10
q6581,10
q6584,12
q6583,8
q6582,5
q10669,2
q10666,16
q10668,10
q10667,13
q11543,19
q11546,8
q11544,2
q11545,10
q3372,15
q3374,6
q3373,17
q10863,10
q10862,19
q10861,5
q10860,8
q11888,14
q11890,19
q11887,8
q11889,10
q11838,15
q11836,13
q11835,8
q11837,10
q11554,4
q11552,5
q11551,16
q11553,10
q11567,5
q11570,10
q11569,8
q11568,15
q11956,16
q11955,5
q11957,4
q11958,10
q11534,5
q11531,10
q11533,19
q11532,8
q10601,2
q10600,10
q10599,19
q10598,19
q11135,12
q11141,12
q11100,12
q11202,12
q11097,14
q11211,14
q11932,4
q11933,9
q11931,5
q11934,10
q11299,15
q11300,12
q11301,0
q2903,0
q2902,10
q2901,15
q3312,6
q3313,6
q3314,6
q6727,0
q6757,5
q2119,17
q2118,15
q2120,0
q11667,4
q11670,10
q11669,14
q11668,16
q10783,10
q10781,8
q10782,13
q10780,9
q11559,8
q11562,16
q11561,5
q11560,10
q11748,16
q11747,8
q11749,16
q11750,10
q10758,8
q10759,5
q10756,19
q10757,10
q11613,10
q11611,9
q11612,13
q11614,19
q11655,16
q11658,5
q11657,10
q11656,8
q11784,8
q11785,10
q11786,8
q11783,16
q3535,17
q3534,12
q3536,0
q3142,10
q3143,0
q3141,12
q2997,12
q2999,10
q2998,12
q11118,12
q11212,14
q11220,12
q3231,12
q3232,0
q3233,6
q2707,10
q2706,15
q2708,10
q2942,0
q2940,11
q2941,11
q9482,5
q8620,8
q5928,0
q6506,5
q10141,13
q3941,5
q9913,13
q9838,8
q4431,3
q3717,19
q4414,16
q5273,9
q8878,8
q11820,13
q11819,10
q11822,8
q11821,15
q11583,10
q11584,14
q11586,8
q11585,5
q11775,15
q11776,10
q11777,9
q11778,14
q11565,10
q11564,15
q11563,13
q11566,9
q11602,19
q11600,10
q11599,13
q11601,5
q4452,16
q11089,12
q10953,12
q10992,12
q10995,14
q11039,14
q11227,12
q11226,12
q11109,12
q10980,12
q11206,12
q11229,12
q11110,12
q11247,14
q11199,14
q11187,12
q11063,12
q11026,14
q11137,14
q10997,14
q11125,14
q11054,12
q11072,14
q7009,2
q7007,5
q7008,1
q9551,19
q5882,5
q3936,19
q8012,3
q8013,3
q8010,5
q8011,2
q5851,0
q9953,8
q8505,8
q5955,0
q9059,5
q7224,2
q7223,2
q7225,2
q7226,1
q7695,2
q7696,2
q7694,2
q7459,5
q7458,1
q7456,1
q7455,1
q7457,5
q7742,3
q7741,2
q7620,5
q7618,5
q7621,5
q7619,5
q7622,3
q7658,2
q7659,2
q8264,5
q8262,3
q8263,5
q8265,5
q8266,5
q7837,3
q7839,5
q7838,5
q7840,5
q7836,5
q7448,5
q7449,5
q7445,1
q7446,1
q7447,5
q7574,2
q7572,2
q7571,3
q7573,1
q7875,5
q7874,5
q7872,3
q7873,5
q7871,3
q7341,3
q7340,1
q7342,2
q7339,2
q7117,2
q7116,2
q7087,2
q7084,2
q7086,5
q7085,5
q7369,5
q7370,3
q7367,2
q7368,2
q11623,10
q11625,8
q11624,17
q11626,12
q10655,8
q10657,2
q10654,5
q10656,10
q11671,4
q11673,19
q11672,5
q11674,10
q11803,15
q11804,5
q11805,10
q11806,4
q10729,5
q10731,10
q10730,3
q10728,8
q7313,5
q7309,1
q7312,1
q7310,5
q7311,1
q10721,5
q10720,15
q10723,19
q10722,10
q11922,9
q11921,10
q11919,4
q11920,13
q11796,10
q11797,3
q11798,5
q11795,7
q11825,10
q11826,8
q11824,9
q11823,16
q7857,1
q7860,3
q7859,1
q7856,5
q7858,5
q8944,9
q3681,13
q7210,2
q7207,3
q7208,2
q7209,2
q7281,2
q7282,1
q9133,8
q6157,8
q7790,1
q7789,2
q7788,3
q2857,17
q2856,12
q2858,0
q8618,13
q5549,3
q2640,15
q2641,10
q2642,0
q2851,17
q2850,12
q2852,0
q7453,5
q7450,5
q7454,5
q7451,5
q7452,5
q7997,5
q7996,5
q7993,5
q7994,3
q7995,5
q2986,10
q2985,15
q2987,0
q3406,0
q3407,0
q3405,15
q11792,9
q11794,10
q11791,16
q11793,8
q11926,16
q11924,10
q11925,19
q11923,8
q10660,19
q10659,5
q10658,10
q10661,16
q3190,10
q3191,10
q3189,10
q3444,15
q3446,10
q3445,10
q2832,17
q2833,17
q2834,0
q11811,6
q11812,10
q11814,4
q11813,0
q10755,3
q10752,8
q10753,8
q10754,10
q11526,8
q11524,10
q11525,8
q11523,16
q7699,2
q7697,2
q7698,2
q7716,2
q7715,2
q7713,2
q7714,2
q3166,17
q3167,17
q3165,15
q2882,0
q2880,17
q2881,17
q7068,5
q7065,5
q7066,5
q7067,5
q7064,3
q3490,10
q3489,12
q3491,0
q9901,5
q9951,8
q7238,5
q7237,2
q7236,2
q169,12
q120,1
q7986,5
q7987,5
q7983,3
q7985,5
q7984,5
q9528,3
q10685,17
q10686,17
q10687,17
q7815,3
q7816,5
q7817,3
q8014,2
q8016,5
q8017,5
q8015,2
q8035,1
q8037,1
q8036,2
q8034,3
q7001,3
q7002,1
q7003,2
q9088,4
q2847,15
q2848,11
q2849,0
q7183,3
q7186,2
q7185,1
q7184,5
q152,12
q7303,3
q7305,2
q7304,3
q7825,5
q7823,2
q7824,5
q3517,6
q3516,6
q3518,6
q2616,6
q2618,6
q2617,6
q3504,15
q3506,17
q3505,17
q3104,14
q3102,10
q3103,10
q7646,2
q7643,2
q7645,3
q7644,5
q3260,14
q3259,0
q3258,12
q7094,2
q7093,3
q7092,2
q7095,2
q3240,10
q3241,0
q3242,10
q7529,5
q7526,5
q7527,3
q7525,3
q7528,5
q7244,5
q7245,1
q7246,5
q7243,1
q7242,5
q3468,12
q3469,0
q3470,0
q2658,12
q2659,15
q2660,17
q8443,5
q7578,2
q7577,1
q7576,2
q7575,2
q7371,2
q7372,2
q7373,5
q7374,1
q2864,0
q2862,12
q2863,15
q2936,0
q2934,12
q2935,10
q2716,6
q2715,6
q2717,6
q7356,3
q7355,2
q7358,2
q7357,3
q7161,3
q7160,1
q7555,5
q7556,2
q7040,5
q7039,5
q7042,5
q7041,5
q7043,3
q12,12
q82,12
q7842,1
q7843,5
q7845,5
q7841,1
q7844,5
q7882,3
q7883,5
q7885,5
q7881,5
q7884,3
q7090,2
q7091,2
q7089,3
q7088,2
q3263,14
q3261,15
q3262,12
q3272,14
q3271,17
q3270,12
q81,14
q8051,12
q178,12
q2693,11
q2691,11
q2692,11
q5016,5
q1554,12
q1555,12
q1556,0
q4506,5
q1693,17
q1692,12
q1694,17
q5163,5
q8715,9
q3874,5
q10895,19
q10892,19
q10894,4
q10893,10
q11591,8
q11592,9
q11594,10
q11593,9
q11712,5
q11714,5
q11713,10
q11711,15
q11693,2
q11691,16
q11694,13
q11692,10
q11760,13
q11761,10
q11759,8
q11762,19
q8783,13
q11716,19
q11717,10
q11718,15
q11715,5
q9334,19
q9140,13
q6585,10
q6588,9
q6586,15
q6587,8
q10876,13
q10878,10
q10877,2
q10879,13
q10357,10
q10358,9
q10356,12
q10359,13
q11756,7
q11758,8
q11755,10
q11757,4
q11725,13
q11724,5
q11723,10
q11726,15
q11648,13
q11649,4
q11650,10
q11647,9
q11871,14
q11872,5
q11874,8
q11873,10
q6626,4
q6625,9
q6628,13
q6627,10
q6577,10
q6578,13
q6580,15
q6579,19
q11945,13
q11944,10
q11946,8
q11943,19
q8634,8
q10742,10
q10740,5
q10741,13
q10743,19
q11604,5
q11606,10
q11603,19
q11605,9
q11875,9
q11878,10
q11876,16
q11877,13
q11739,5
q11740,19
q11742,10
q11741,4
q11942,15
q11941,5
q11939,10
q11940,5
q11906,19
q11904,13
q11903,4
q11905,10
q11900,10
q11901,8
q11902,4
q11899,4
q10811,9
q10810,10
q10808,13
q10809,19
q11916,10
q11918,15
q11917,8
q11915,5
q9888,4
q10787,9
q10785,10
q10786,13
q10784,4
q11574,10
q11573,19
q11571,2
q11572,13
q11947,15
q11948,2
q11949,8
q11950,10
q10827,10
q10826,19
q10825,8
q10824,8
q10760,8
q10763,16
q10761,5
q10762,10
q9923,13
q6589,10
q6591,8
q6592,14
q6590,8
q10835,8
q10832,5
q10833,10
q10834,16
q11839,8
q11840,16
q11841,10
q11842,15
q11678,13
q11676,13
q11677,16
q11675,10
q11913,9
q11914,13
q11911,13
q11912,10
q9157,13
q10246,8
q10111,8
q2973,15
q2975,0
q2974,0
q11735,8
q11736,10
q11737,16
q11738,5
q11722,14
q11719,8
q11721,2
q11720,10
q10353,4
q10352,13
q10354,10
q10355,19
q11651,16
q11654,5
q11653,10
q11652,13
q11636,8
q11637,10
q11635,19
q11638,14
q11598,10
q11596,19
q11595,13
q11597,17
q11938,8
q11936,10
q11937,0
q11935,13
q11929,9
q11930,13
q11927,10
q11928,8
q11753,10
q11752,3
q11754,7
q11751,8
q6573,10
q6576,5
q6574,9
q6575,8
q11764,10
q11763,3
q11766,5
q11765,5
q9115,5
q10138,8
q3389,10
q3387,12
q3388,10
q3175,10
q3174,15
q3176,10
q7834,5
q7835,5
q7833,5
q7832,1
q7831,5
q7112,5
q7113,2
q9793,16
q9526,3
q2655,12
q2657,0
q2656,15
q3599,0
q3598,10
q3597,12
q2685,17
q2687,0
q2686,0
q2751,0
q2752,17
q2753,17
q10095,8
q7819,2
q7818,5
q8390,4
q9673,8
q2279,0
q2277,15
q2278,12
q8917,9
q8539,8
q10134,8
q1596,12
q1597,14
q1598,0
q7409,1
q7407,2
q7408,5
q7406,5
q2475,11
q2477,11
q2476,11
q8003,5
q8002,2
q8005,2
q8004,3
q7657,3
q7655,3
q7656,2
q7181,1
q7180,3
q7182,2
q7179,3
q2020,17
q2021,10
q2019,15
q7055,3
q7058,5
q7056,5
q7057,5
q7054,3
q8359,1
q8358,1
q8357,5
q8361,5
q8360,1
q8322,1
q8324,5
q8325,5
q8326,1
q8323,1
q9196,5
q8555,13
q7104,2
q7105,2
q9853,13
q9692,5
q8876,13
q10254,9
q8908,19
q9393,19
q8946,19
q9561,19
q9038,13
q8757,8
q9545,3
q9440,13
q10326,8
q9948,8
q2158,15
q2159,0
q2157,12
q2036,0
q2035,0
q2034,17
q2064,11
q2066,11
q2065,11
q1964,0
q1963,17
q1962,12
q2434,17
q2433,12
q2435,0
q7377,2
q7376,5
q7378,1
q7375,3
q10116,13
q9716,5
q9132,8
q7214,1
q7211,3
q7212,2
q7213,2
q8271,5
q8267,5
q8270,5
q8269,3
q8268,3
q7666,3
q7667,2
q7863,5
q7862,5
q7861,5
q7865,5
q7864,3
q9989,8
q1420,12
q1419,17
q1421,0
q1503,12
q1505,17
q1504,0
q6132,9
q8910,19
q10097,8
q10066,5
q8381,3
q9679,13
q8877,8
q8348,1
q8350,5
q8347,1
q8349,1
q8351,1
q9426,13
q8796,13
q9027,8
q8574,8
q8511,5
q8532,13
q9728,13
q7877,5
q7880,5
q7876,1
q7879,3
q7878,5
q7559,5
q7560,2
q2167,12
q2168,17
q2166,15
q7626,5
q7627,3
q7623,5
q7624,5
q7625,1
q7228,1
q7227,5
q9070,13
q10144,8
q8044,3
q8043,5
q8045,3
q9205,5
q9887,5
q9032,8
q9808,2
q10271,8
q10237,8
q8861,5
q7769,1
q7768,3
q7767,2
q9049,8
q10296,13
q8887,5
q9447,10
q9135,8
q9998,8
q10139,13
q9717,5
q9860,13
q9500,8
q9899,8
q8711,9
q10114,13
q9689,13
q8794,8
q8767,13
q9694,13
q7070,5
q7073,5
q7071,5
q7069,3
q7072,5
q7684,3
q7685,2
q7683,2
q8282,1
q8283,1
q8286,5
q8285,1
q8284,1
q7474,2
q7473,5
q8199,5
q5812,5
q7847,1
q7849,1
q7850,5
q7848,5
q7846,1
q8770,13
q9048,5
q9872,8
q8552,13
q9002,19
q10233,8
q9346,3
q9176,5
q9190,5
q8891,8
q9085,8
q6212,9
q6292,5
q8495,8
q9710,8
q10335,8
q7421,2
q7420,1
q7418,2
q7419,2
q7170,3
q7169,5
q7171,3
q8261,5
q8258,5
q8260,5
q8259,5
q8257,3
q7550,5
q7552,1
q7554,5
q7551,1
q7553,1
q7629,5
q7628,3
q7026,2
q7028,1
q7029,2
q7027,3
q7424,1
q7422,2
q7425,2
q7423,2
q1944,12
q1945,17
q1946,0
q7782,3
q7781,5
q9172,5
q8001,3
q8000,5
q7999,2
q7998,2
q7676,3
q7677,1
q7675,3
q7665,1
q7663,3
q7664,2
q7307,3
q7308,2
q7306,3
q7679,2
q7678,5
q7680,3
q1456,11
q1457,11
q1455,11
q7020,3
q7018,2
q7019,5
q7021,2
q7173,2
q7172,2
q7174,3
q7330,2
q7327,2
q7329,2
q7328,5
q7283,2
q7284,2
q2161,15
q2162,0
q2160,12
q1786,17
q1785,12
q1787,0
q2380,11
q2381,14
q2379,15
q1664,11
q1662,11
q1663,11
q2459,0
q2458,17
q2457,12
q1433,17
q1432,0
q1431,12
q2329,0
q2330,0
q2328,12
q7010,5
q7011,1
q7012,2
q1566,12
q1568,17
q1567,17
q8958,3
q8881,5
q1894,11
q1893,11
q1895,11
q8553,13
q7954,5
q7955,5
q7956,1
q7957,2
q2148,17
q2150,17
q2149,0
q10305,13
q6257,15
q1824,12
q1825,11
q1826,11
q6208,19
q6430,8
q4733,19
q3606,5
q4755,16
q4884,4
q4167,18
q5949,3
q6542,16
q6487,0
q6457,4
q6437,8
q5844,16
q3617,5
q4825,13
q9627,19
q4221,4
q3965,8
q6240,13
q5654,17
q3900,0
q5690,9
q6244,4
q5501,4
q4952,5
q3917,18
q5216,5
q6485,15
q6459,15
q3813,15
q5423,8
q6475,4
q4760,14
q3731,19
q4105,4
q4401,16
q5833,3
q5228,8
q4443,16
q4665,4
q9602,9
q3685,13
q4781,15
q6456,15
q6133,9
q3889,5
q6386,13
q6315,5
q4656,4
q6490,8
q4853,4
q4285,9
q3986,4
q5542,16
q3740,19
q6739,13
q6422,4
q3724,19
q4917,15
q4201,5
q4811,16
q5153,5
q4763,19
q6376,13
q4293,13
q3672,8
q6107,9
q4204,15
q5291,0
q6426,3
q4411,3
q5973,3
q4787,0
q6346,3
q5974,3
q5083,13
q5297,0
q4676,4
q5241,9
q4351,3
q5300,16
q4669,4
q10051,19
q5597,16
q4374,16
q5999,16
q4644,4
q6520,16
q4407,16
q8670,9
q9575,9
q6535,9
q4242,15
q4808,4
q5563,3
q5985,16
q4957,5
q4874,4
q4017,0
q4927,5
q6391,8
q6023,15
q6347,0
q6012,16
q8434,5
q6006,16
q4711,8
q4686,4
q4613,19
q4608,19
q3964,8
q4549,0
q4012,4
q4801,4
q3907,19
q5633,4
q4863,4
q5880,5
q5275,9
q5962,16
q4453,3
q4273,13
q6460,4
q3722,19
q6484,13
q4419,3
q6371,13
q4259,15
q4309,16
q9603,9
q5753,5
q3766,4
q6408,8
q4772,19
q9634,19
q5578,3
q6232,13
q8680,9
q4809,8
q4357,3
q5863,0
q4640,4
q5425,19
q4286,3
q5978,0
q5552,0
q5939,4
q5905,3
q5408,19
q5555,3
q4639,4
q5986,16
q4449,3
q4086,9
q4971,5
q4685,4
q9583,9
q9646,19
q4647,4
q5913,3
q5244,9
q5838,0
q4722,4
q10054,19
q3977,8
q5263,9
q6264,13
q4270,16
q8427,5
q4015,3
q5210,5
q5378,16
q4424,3
q4226,4
q4655,4
q4551,0
q3984,4
q5169,5
q9667,19
q5018,5
q4861,4
q4888,4
q3821,15
q3800,15
q4466,16
q4930,5
q4635,4
q4400,16
q3728,19
q6229,4
q5947,3
q9651,19
q4622,3
q4850,4
q4581,3
q4253,15
q4986,5
q5938,3
q5825,5
q6001,3
q3680,13
q10043,19
q10031,19
q4858,4
q4983,5
q5606,16
q4882,4
q6079,9
q6388,13
q6370,13
q7739,1
q7738,2
q7740,3
q7737,5
q9623,19
q4738,4
q5958,3
q5598,16
q4433,16
q4623,3
q6354,3
q4889,4
q4342,15
q4885,4
q7703,2
q7705,2
q7704,1
q4361,4
q5980,16
q3760,15
q3857,5
q3749,19
q3618,5
q6004,16
q5932,3
q4737,9
q4142,9
q4229,4
q10055,19
q3712,19
q6238,4
q4628,19
q6463,15
q4745,4
q3725,19
q4741,15
q4674,4
q10025,19
q5471,15
q4379,16
q9657,19
q3711,19
q4978,5
q4460,16
q5539,16
q6434,16
q3807,15
q9647,19
q5599,3
q3771,15
q6273,5
q4679,4
q3789,15
q8431,5
q5561,3
q5668,9
q4420,3
q8466,5
q6247,3
q5085,4
q5364,19
q5565,3
q4678,4
q4016,19
q4381,16
q9616,9
q4456,3
q5023,5
q5993,16
q3663,5
q4118,15
q4899,19
q5852,3
q4673,4
q4409,16
q4075,9
q3834,15
q8430,5
q4412,16
q1544,0
q1543,12
q1542,12
q4382,16
q4254,15
q5235,9
q3623,5
q4088,9
q4005,4
q6137,9
q5119,5
q3863,5
q4501,5
q4690,4
q3891,5
q6239,19
q4634,4
q4703,4
q4372,16
q4365,4
q5209,5
q6275,5
q10013,19
q5728,5
q3708,19
q6105,9
q4643,4
q4663,4
q4976,5
q4942,5
q4694,4
q4671,4
q3904,4
q3987,4
q8432,5
q4418,16
q4404,16
q3880,5
q4670,4
q4890,4
q4692,4
q5088,5
q4664,4
q10046,19
q9630,19
q9633,19
q4855,4
q5356,19
q4637,4
q5877,5
q3616,5
q4049,19
q5134,5
q6726,5
q4940,5
q4666,4
q6167,4
q4227,4
q6449,5
q4880,4
q4667,4
q5811,5
q5143,5
q5138,5
q5005,5
q4234,4
q4946,5
q6285,5
q4217,4
q4148,5
q4887,4
q6492,4
q5382,4
q5383,4
q4349,4
q4636,4
q4716,4
q4862,4
q4641,4
q3856,5
q3627,5
q4859,4
q5891,5
q4654,4
q4642,4
q5884,5
q3619,5
q3881,5
q8407,5
q5123,5
q6291,5
q8437,5
q5148,5
q8479,5
q4962,5
q5881,5
q4585,5
q8465,5
q8428,5
q8446,5
q4932,5
q5145,5
q8449,5
q8442,5
q8435,5
q4958,5
q8447,5
q5006,5
q5822,5
q5155,5
q5127,5
q4938,5
q5090,5
q5002,5
q4898,5
q3651,5
q6300,5
q4963,5
q3893,5
q8419,5
q5146,5
q5794,5
q3630,5
q3660,5
q3993,5
q6341,5
q5158,5
q4995,5
q4951,5
q5207,5
q4979,5
q5800,5
q3661,5
q3652,5
q6299,5
q5008,5
q6729,5
q5137,5
q4935,5
q8475,5
q4584,5
q5620,5
q4587,5
q5156,5
q6270,5
q5154,5
q8478,5
q3648,5
q6734,5
q3657,5
q3653,5
q5217,5
q5162,5
q4972,5
q6342,5
q5159,5
q8488,5
q4997,5
q5204,5
q8483,5
q8421,5
q6304,5
q6286,5
q8441,5
q4975,5
q5171,5
q8424,5
q5132,5
q4981,5
q3864,5
q5752,5
q8413,5
q8459,5
q5193,5
q5192,5
q3876,5
q5797,5
q5013,5
q6271,5
q5816,5
q5009,5
q3870,5
q5729,5
q5164,5
q5172,5
q3994,5
q4994,5
q5183,5
q5021,5
q5180,5
q4955,5
q5801,5
q5876,5
q3887,5
q5872,5
q8433,5
q5012,5
q4274,5
q4164,5
q4960,5
q3988,5
q3664,5
q5871,5
q5202,5
q8444,5
q5199,5
q5755,5
q3654,5
q8397,5
q5608,5
q5887,5
q6248,5
q6289,5
q8472,5
q5001,5
q8448,5
q3607,5
q5810,5
q4779,5
q8489,5
q5130,5
q6464,5
q4945,5
q3608,5
q5011,5
q5827,5
q5212,5
q5205,5
q6277,5
q5181,5
q6236,5
q5631,5
q3849,5
q4278,5
q8490,5
q8476,5
q4993,5
q5017,5
q5000,5
q5817,5
q5147,5
q5873,5
q5799,5
q5184,5
q3883,5
q5814,5
q3615,5
q8485,5
q6296,5
q1412,17
q1410,0
q1411,17
q2133,12
q2135,0
q2134,17
q7277,2
q7278,1
q7096,2
q7097,1
q7098,5
q7099,2
q7776,2
q7777,1
q7106,2
q7107,2
q7774,5
q7773,5
q7775,2
q7558,2
q7557,5
q8335,1
q8334,1
q8333,5
q8336,5
q8332,1
q7784,5
q7783,2
q7286,1
q7285,2
q7322,2
q7320,3
q7319,5
q7321,1
q7564,5
q7565,3
q7563,2
q7566,2
q7430,2
q7431,2
q7785,3
q7787,5
q7786,3
q7720,2
q7717,2
q7719,3
q7718,5
q8028,1
q8027,2
q8026,3
q8029,2
q7103,2
q7102,5
q7590,2
q7589,2
q7588,3
q7587,2
q7681,2
q7682,2
q7126,2
q7125,5
q7567,3
q7569,3
q7570,2
q7568,3
q8007,3
q8008,1
q8009,2
q8006,5
q7401,2
q7398,2
q7399,3
q7400,2
q7166,2
q7165,2
q7233,1
q7232,2
q7231,2
q7561,5
q7562,2
q8242,5
q8245,5
q8244,5
q8243,5
q8246,5
q7467,2
q7468,5
q7162,2
q7164,5
q7163,3
q7115,2
q7114,3
q7653,3
q7654,5
q7235,5
q7234,3
q7750,5
q7749,2
q7639,3
q7638,3
q7637,2
q7033,2
q7032,3
q7031,1
q7030,2
q8042,2
q8041,2
q7811,2
q7812,2
q7814,2
q7813,5
q7766,1
q7765,2
q7743,2
q7744,3
q7167,5
q7168,3
q7441,2
q7440,3
q7130,2
q7129,2
q7988,3
q7992,1
q7990,3
q7989,5
q7991,5
q8038,2
q8039,5
q8040,2
q7443,2
q7444,2
q7442,2
q7128,2
q7127,5
q7110,2
q7111,2
q7673,3
q7674,5
q7630,5
q7631,5
q7432,2
q7433,5
q7747,2
q7748,5
q7230,5
q7229,2
q7100,2
q7101,5
q7651,3
q7652,3
q7746,3
q7745,2
q7693,1
q7692,2
q7691,2
q17152,19
q17200,4
q17362,13
q17394,13
q17179,16
q17071,13
q17268,5
q17133,16
q17094,5
q17131,4
q17316,15
q17100,18
q17150,19
q17158,19
q17108,14
q17176,5
q17371,16
q17188,8
q17208,19
q17212,8
q17363,4
q17172,5
q17147,15
q17136,13
q17092,16
q17253,15
q17297,16
q17320,15
q17221,5
q17387,16
q17351,4
q17226,19
q17088,15
q17359,16
q17064,9
q17235,9
q17307,5
q17392,8
q17102,9
q17238,4
q17074,8
q17266,13
q17223,15
q17180,8
q17145,5
q17148,8
q17197,8
q17242,13
q17139,15
q17256,15
q17343,15
q17321,5
q17166,2
q17344,5
q17225,16
q17043,13
q17164,8
q17282,5
q17237,8
q17192,9
q17146,9
q17049,8
q17292,2
q17087,2
q17168,8
q17324,0
q17273,19
q17095,8
q17090,5
q17338,16
q17061,19
q17128,8
q17116,5
q17060,16
q17059,8
q17299,8
q17352,5
q17291,9
q17257,8
q17341,14
q17336,4
q17058,8
q17314,4
q17204,8
q17275,8
q17391,19
q17334,5
q17210,2
q17382,14
q17368,9
q17330,4
q17339,5
q17080,8
q17195,5
q17155,8
q17255,5
q17067,5
q17240,5
q17337,8
q17183,2
q17370,5
q17055,5
q17361,8
q17182,5
q17304,5
q17219,5
q17078,13
q17263,8
q17141,4
q17154,5
q17356,17
q17105,19
q17288,5
q17122,8
q17187,0
q17276,9
q17374,4
q17261,5
q17142,2
q17056,4
q17085,13
q17068,8
q17398,4
q17220,15
q17353,8
q17072,16
q17327,8
q17239,5
q17063,13
q17281,16
q17395,9
q17333,8
q17271,19
q17084,19
q17099,5
q17103,8
q17189,6
q17296,8
q17222,9
q17101,13
q17246,19
q17199,8
q17251,4
q17213,4
q17347,4
q17104,15
q17209,7
q17216,8
q17298,8
q17342,5
q17065,19
q17305,5
q17346,8
q17295,4
q17331,8
q17130,8
q17258,16
q17378,5
q17589,13
q17413,8
q17311,16
q17422,2
q17388,5
q17588,2
q17169,4
q17284,4
q17053,8
q17279,14
q17581,16
q17591,5
q17367,8
q17565,4
q17418,8
q17419,8
q17566,5
q17153,5
q17123,16
q17205,5
q17586,19
q17415,5
q17580,8
q17329,5
q17585,13
q17322,4
q17086,19
q17577,19
q17381,8
q17211,19
q17582,13
q17569,16
q17134,13
q17420,13
q17328,9
q17138,5
q17572,15
q17416,2
q17417,17
q17414,5
q17163,0
q17230,5
q17575,8
q17366,2
q17590,5
q17050,16
q17126,19
q17272,8
q17592,4
q17160,8
q17132,13
q17076,5
q17323,19
q17397,5
q17227,8
q17151,8
q17206,13
q17332,9
q17178,13
q17384,15
q17052,9
q17075,4
q17097,4
q17265,8
q17093,8
q17274,13
q2151,15
q2153,0
q2152,17
q364,15
q117,14
q1571,11
q1570,11
q1569,11
q817,15
q460,17
q978,15
q211,10
q535,15
q1023,6
q1025,18
q1978,0
q1979,0
q1977,12
q1717,14
q1716,17
q1718,0
q8117,1
q282,18
q8141,14
q50,14
q1307,7
q8066,12
q533,10
q228,17
q972,17
q258,6
q517,17
q1226,6
q860,17
q1848,15
q1849,17
q1850,14
q2207,11
q2206,11
q2205,11
q8159,14
q272,7
q1933,10
q1934,0
q1932,17
q293,6
q138,1
q1191,6
q548,17
q8138,12
q907,17
q465,10
q700,17
q2419,11
q2418,11
q2420,11
q155,14
q148,12
q966,18
q930,7
q1074,10
q804,15
q2013,12
q2015,0
q2014,17
q1136,15
q407,15
q1264,15
q859,10
q1498,12
q1499,0
q1497,15
q302,7
q354,18
q1960,17
q1961,0
q1959,12
q1896,11
q1897,11
q1898,0
q2291,0
q2290,14
q2289,17
q1526,0
q1524,0
q1525,14
q697,15
q821,15
q234,17
q450,15
q872,18
q2000,14
q1999,0
q1998,12
q1721,11
q1719,11
q1720,11
q3322,17
q3323,17
q3321,14
q1872,12
q1873,10
q1874,17
q1909,12
q1908,15
q1910,0
q2082,15
q2083,17
q2084,0
q2696,11
q2695,1
q2694,1
q969,6
q1640,11
q1638,11
q1639,11
q2947,12
q2946,15
q2948,17
q2770,0
q2769,0
q2771,0
q1272,15
q617,7
q765,7
q934,6
q2039,10
q2037,15
q2038,17
q1401,12
q1402,11
q1403,0
q3309,17
q3311,0
q3310,14
q1386,17
q1293,17
q2599,6
q2598,6
q2600,6
q893,15
q257,18
q865,18
q3585,15
q3586,17
q3587,17
q675,17
q2312,14
q2311,17
q2310,12
q3583,15
q3584,17
q3582,15
q2360,0
q2358,17
q2359,12
q3085,14
q3084,15
q3086,0
q2788,14
q2787,15
q2789,0
q17645,7
q17654,15
q17707,15
q17709,17
q17708,17
q17473,17
q17471,15
q17472,17
q17635,10
q17562,5
q17560,5
q17561,5
q17563,5
q17564,5
q17424,3
q17426,3
q17425,5
q17423,3
q17427,1
q17488,9
q17486,5
q17489,4
q17487,10
q17491,8
q17493,0
q17490,9
q17492,10
q17500,2
q17499,4
q17501,10
q17498,5
q17497,10
q17494,5
q17495,5
q17496,15
q17511,2
q17512,2
q17453,3
q17454,5
q17452,5
q17455,5
q17451,5
q17524,1
q17526,3
q17525,1
q17478,17
q17479,0
q17477,12
q17924,12
q18076,10
q17768,17
q17835,7
q17800,6
q17870,17
q17842,10
q17927,12
q17770,17
q4068,3
q17859,17
q18003,17
q17948,17
q18103,17
q17908,6
q18029,17
q18097,17
q3138,15
q3139,17
q3140,17
q3696,1
q17696,17
q17695,12
q17697,0
q17705,17
q17704,15
q17706,0
q17716,12
q17718,0
q17717,10
q17892,18
q18118,15
q17980,18
q18109,15
q17975,17
q17625,17
q17627,0
q17626,14
q17724,14
q17723,17
q17722,12
q17549,15
q17583,5
q17729,12
q18104,7
q17910,17
q17936,6
q18071,17
q17730,14
q18053,17
q18066,17
q17919,6
q18116,15
q17991,17
q17964,18
q17836,10
q17624,17
q17623,17
q17622,17
q18134,18
q18078,6
q18091,17
q17952,12
q18139,17
q17868,17
q17881,7
q18042,18
q17961,18
q17959,7
q17982,17
q17898,7
q17837,10
q18070,17
q18132,7
q17745,12
q18030,17
q18092,6
q17912,18
q17807,6
q17766,6
q18050,6
q17850,17
q17823,18
q18117,15
q17811,6
q18043,7
q17933,18
q17789,18
q18040,18
q17769,6
q17986,17
q17913,17
q18017,7
q17806,6
q17983,17
q17953,12
q4399,8
q4220,9
q17446,3
q17448,5
q17450,5
q17449,3
q17447,5
q17742,5
q17740,5
q17741,5
q17743,5
q17739,3
q17976,17
q17793,18
q18061,18
q17999,6
q17893,6
q17804,6
q17853,7
q17854,7
q18094,17
q18005,17
q18069,17
q17886,6
q17863,10
q18049,18
q18126,7
q17845,18
q17810,6
q17877,7
q18136,17
q17880,7
q17780,17
q17839,18
q17763,17
q17903,7
q18039,18
q18114,15
q17803,17
q17714,17
q17713,15
q17715,0
q17505,2
q17504,5
q18113,15
q17995,17
q17809,6
q18073,17
q17840,18
q17960,6
q18105,15
q17973,10
q18008,17
q18027,17
q17955,7
q18060,12
q17816,18
q17791,10
q17889,17
q18135,15
q17431,3
q17430,2
q17653,17
q17648,15
q17643,7
q18077,7
q18062,10
q17537,7
q17542,12
q5107,5
q17636,18
q17646,18
q17541,18
q17639,7
q17649,6
q17641,18
q17647,17
q17545,17
q17543,10
q17634,17
q17642,18
q17650,17
q17548,18
q17657,18
q17656,17
q17538,17
q17644,6
q17540,18
q17640,6
q17658,15
q17655,18
q17544,17
q17637,17
q17547,12
q17546,7
q17539,15
q17651,17
q17652,10
q702,10
q429,15
q4461,3
q4074,16
q4396,8
q6128,2
q5840,16
q17474,15
q17475,10
q17476,0
q17457,6
q17458,6
q17456,6
q17871,17
q17757,6
q18119,15
q18006,17
q17764,17
q18086,18
q17977,17
q17843,10
q17851,15
q18031,17
q18034,18
q17914,6
q17890,17
q17941,6
q17827,6
q17833,17
q5653,16
q4897,2
q3920,5
q6218,19
q3758,4
q4434,16
q3820,16
q5252,3
q9640,19
q4604,18
q5963,3
q4073,19
q9590,16
q5403,18
q5450,15
q4064,4
q4261,4
q6135,19
q6005,3
q5602,16
q5554,0
q4244,19
q4614,18
q5823,5
q4982,5
q5430,16
q4243,4
q5518,4
q3827,19
q6361,0
q4257,4
q3873,5
q6130,3
q17535,12
q17689,15
q17691,17
q17690,17
q4459,3
q5834,16
q17442,5
q17445,5
q17443,5
q17444,5
q17553,5
q17552,5
q17551,5
q17550,1
q17554,3
q17951,12
q17909,6
q17681,17
q17682,17
q17680,12
q17669,17
q17670,17
q17668,12
q17888,17
q17801,17
q18122,15
q18022,7
q17887,6
q17786,18
q17772,6
q18048,15
q17878,15
q17484,17
q17485,14
q17483,15
q17777,7
q17728,12
q17778,18
q17855,18
q18111,15
q18068,17
q18084,6
q17967,17
q17849,12
q17794,15
q17753,15
q17942,17
q17958,17
q17990,17
q17813,6
q18115,15
q17533,12
q17972,10
q18015,12
q17865,17
q17852,6
q18121,15
q18052,15
q17985,17
q17790,10
q17787,10
q18141,17
q18007,17
q17744,7
q17748,12
q17848,17
q17979,17
q17688,17
q17686,15
q17687,14
q17920,12
q17900,7
q17761,6
q17482,0
q17480,15
q17481,14
q17760,6
q17796,17
q18067,17
q17751,12
q17923,12
q18037,18
q17971,6
q17536,14
q17762,6
q17929,12
q18035,18
q17954,17
q17867,17
q11317,15
q11318,14
q11319,17
q4010,8
q363,7
q5556,0
q9428,13
q7289,1
q7291,3
q7288,5
q7287,3
q7290,5
q2597,0
q2595,10
q2596,10
q3552,12
q3553,0
q3554,17
q7495,5
q7497,5
q7498,5
q7499,5
q7496,3
q7593,3
q7592,3
q7591,3
q7594,2
q300,12
q2786,10
q2784,15
q2785,14
q3056,11
q3055,11
q3054,15
q17432,5
q17433,2
q17434,3
q5276,16
q17684,14
q17685,0
q17683,17
q17603,17
q17601,17
q17602,17
q17808,6
q17783,17
q17802,17
q17915,17
q17963,7
q17782,18
q18125,7
q17847,17
q17749,12
q18081,17
q18075,17
q9622,4
q18057,15
q17834,6
q17926,12
q18112,15
q17817,10
q17692,17
q17693,17
q17694,10
q17996,6
q18079,17
q18107,15
q17830,17
q18054,6
q17758,7
q18033,17
q18038,18
q17998,6
q18016,18
q18087,17
q17974,10
q18098,17
q18063,17
q18072,17
q18088,6
q17956,18
q18099,17
q17604,12
q17606,0
q17605,17
q17700,0
q17698,15
q17699,0
q17719,15
q17721,0
q17720,14
q17922,10
