user_id,topic_0,topic_1,topic_2,topic_3,topic_4,topic_5,topic_6,topic_7,topic_8,topic_9,topic_10,topic_11,topic_12,topic_13,topic_14,topic_15,topic_16,topic_17,topic_18,topic_19
u100580,0.5,1.0,0.5,0.5,0.0,0.0,0.4,,0.0,0.0,0.3333333333333333,0.0,0.3333333333333333,0.0,0.0,1.0,,0.0,,0.0
u101409,0.5,1.0,1.0,0.5,0.0,1.0,,,0.5,0.0,0.25,0.0,0.3333333333333333,1.0,0.5,,,0.4,,0.5
u102852,0.5,0.0,1.0,1.0,1.0,0.0,,,0.5,1.0,0.5,0.0,0.3333333333333333,1.0,0.0,,,0.6,,0.0
u106217,,,,,,,,,,,,,1.0,,0.5,,,,,
u106643,0.0,1.0,1.0,1.0,1.0,1.0,1.0,1.0,1.0,1.0,0.8,0.0,0.625,1.0,0.0,1.0,,0.6666666666666666,0.5,0.6666666666666666
u108294,,,,,,,,,,,,,1.0,,0.5,,,0.0,,
u108434,,,,,,,,,,,,,1.0,,,,,,,
u108501,1.0,0.0,0.0,0.5,1.0,0.0,,,0.5,0.0,0.25,0.0,0.3333333333333333,1.0,0.5,,,0.4,,0.0
u108728,1.0,0.4285714285714285,0.0,0.5,0.0,0.0,,,0.5,0.5,0.25,1.0,0.625,1.0,0.5,,,0.4,,0.6666666666666666
u109699,1.0,,,,,,,,,,,,1.0,,1.0,,,0.6666666666666666,,
u109908,0.5,0.0,0.0,0.0,0.0,1.0,,,0.0,0.0,0.5,0.0,0.3333333333333333,0.0,0.0,,,0.2,,0.0
u11190,0.8571428571428571,0.8,0.625,0.7058823529411765,0.3888888888888889,0.7894736842105263,0.6,0.5714285714285714,0.5185185185185185,0.7333333333333333,0.6666666666666666,1.0,0.8545454545454545,0.5,0.625,0.625,0.5925925925925926,0.6515151515151515,0.6,0.4090909090909091
u112594,,,,,,,,,,,,,1.0,,0.0,,,0.0,,
u113081,0.0,0.0,0.0,0.0,0.0,0.0,,,0.0,0.0,0.5,0.0,0.3333333333333333,0.0,1.0,,,0.6,,0.0
u113171,1.0,1.0,0.7,0.4545454545454545,0.7142857142857143,0.7272727272727273,0.8,0.6666666666666666,0.5882352941176471,0.5454545454545454,0.5714285714285714,1.0,0.6296296296296297,0.5454545454545454,0.8333333333333334,0.9473684210526316,0.8333333333333334,0.66,0.7142857142857143,0.5833333333333334
u113725,,,,,,,,,,,,,1.0,,,,,,,
u114867,0.5,0.0,0.5,0.5,1.0,1.0,,,0.5,1.0,0.5,0.0,0.3333333333333333,1.0,1.0,,,0.4,,1.0
u115487,0.5,1.0,0.5,1.0,0.0,1.0,,,0.0,0.0,0.5,1.0,0.3333333333333333,0.0,0.0,,,0.4,,0.0
u115754,0.0,1.0,0.0,0.0,0.0,0.0,0.8,0.0,0.3333333333333333,0.3333333333333333,0.2,1.0,0.4,0.0,0.5,1.0,,0.25,,0.5
u115983,,,,,,,,,,,,,1.0,,0.0,,,1.0,,
u116123,1.0,1.0,0.6666666666666666,0.75,0.0,0.0,,1.0,0.5,0.0,0.5,1.0,0.6666666666666666,0.5,0.0,,,0.4,,0.0
u116208,0.5,0.0,0.25,0.0,0.0,1.0,,0.0,0.25,0.0,0.0,0.0,0.3333333333333333,0.0,0.6666666666666666,,,0.2,0.0,0.5
u116955,0.25,1.0,0.1666666666666666,0.5,0.3333333333333333,0.6666666666666666,0.4,,0.3,0.375,0.0,1.0,0.375,0.3333333333333333,0.0,,0.0,0.2222222222222222,0.0,0.1666666666666666
u117409,0.0,0.0,0.5,0.0,0.0,1.0,,,0.0,0.0,0.25,1.0,0.6666666666666666,0.0,0.0,,,0.4,,0.0
u117621,0.7704918032786885,0.7619047619047619,0.6052631578947368,0.6170212765957447,0.627906976744186,0.6951219512195121,0.6785714285714286,0.6,0.5882352941176471,0.6458333333333334,0.7,0.85,0.8144329896907216,0.5789473684210527,0.7619047619047619,0.9285714285714286,0.5833333333333334,0.8387096774193549,0.5416666666666666,0.6545454545454545
u117898,0.5,1.0,0.0,0.5,0.0,1.0,,,0.5,0.0,0.0,0.0,0.3333333333333333,0.0,0.5,,,0.2,,0.0
u120391,0.5,1.0,0.5,1.0,1.0,1.0,,,0.5,1.0,0.0,1.0,0.3333333333333333,1.0,0.5,,,0.6,,0.5
u120392,0.625,0.7272727272727273,1.0,0.8333333333333334,0.8333333333333334,0.875,0.75,1.0,0.85,0.8888888888888888,0.5555555555555556,,0.7692307692307693,0.5,0.75,1.0,1.0,0.8461538461538461,0.5,0.8571428571428571
u121618,1.0,1.0,0.5,1.0,0.0,1.0,,,0.5,0.0,0.75,1.0,0.3333333333333333,0.0,0.0,,,0.2,,0.5
u121817,0.6666666666666666,0.0,0.5,0.0,0.3333333333333333,0.3333333333333333,0.4,0.0,0.2857142857142857,0.5,0.6,0.0,0.4,0.6666666666666666,0.5,1.0,0.8333333333333334,0.4285714285714285,0.5,0.3333333333333333
u124788,0.75,0.5,0.5909090909090909,0.5625,0.7391304347826086,0.7692307692307693,0.6153846153846154,0.8333333333333334,0.5128205128205128,0.7,0.7272727272727273,1.0,0.6333333333333333,0.6470588235294118,0.8571428571428571,0.7857142857142857,0.7272727272727273,0.8,0.8695652173913043,0.6
u12617,0.5,0.4285714285714285,0.6851851851851852,0.6515151515151515,0.66,0.5106382978723404,0.6630434782608695,0.7551020408163265,0.5390625,0.6785714285714286,0.78,0.0,0.6923076923076923,0.5614035087719298,0.5806451612903226,0.7096774193548387,0.7424242424242424,0.7706422018348624,0.7741935483870968,0.6477272727272727
u1271,0.8391959798994975,0.8444444444444444,0.7631578947368421,0.76,0.7083333333333334,0.8426966292134831,0.8275862068965517,0.8461538461538461,0.6981132075471698,0.4583333333333333,0.8068965517241379,0.925,0.8661417322834646,0.6363636363636364,0.7636363636363637,0.8,0.7333333333333333,0.8393782383419689,0.65,0.7714285714285715
u131825,0.6666666666666666,0.6170212765957447,0.5887850467289719,0.6829268292682927,0.6458333333333334,0.5813953488372093,0.71875,0.4893617021276595,0.6039603960396039,0.7446808510638298,0.5625,0.8571428571428571,0.7450980392156863,0.5454545454545454,0.6363636363636364,0.8095238095238095,0.6339285714285714,0.7435897435897436,0.4666666666666667,0.6666666666666666
u132350,0.5,0.0,0.0,0.0,1.0,0.0,,,0.5,0.0,0.25,1.0,0.6666666666666666,0.0,0.0,,,0.2,,0.0
u132648,,,,,,,,,,,,,1.0,,0.0,,,1.0,,
u132789,1.0,1.0,0.0,1.0,0.0,0.5,0.0,,0.75,0.0,0.25,1.0,0.3333333333333333,1.0,0.0,1.0,,0.4,,0.2
u133683,0.5,0.0,0.5,0.0,0.0,0.0,,,0.0,0.0,0.0,0.0,0.6666666666666666,0.0,0.0,,,0.4,,0.0
u1350,0.7102922490470139,0.6615384615384615,0.6877470355731226,0.6374501992031872,0.6413373860182371,0.6113821138211382,0.738359201773836,0.7846715328467153,0.6629422718808193,0.7128712871287128,0.6473029045643154,0.7608695652173914,0.8300653594771242,0.5652173913043478,0.7941888619854721,0.755072463768116,0.6847826086956522,0.7589519650655022,0.7005649717514124,0.7155688622754491
u135309,1.0,0.0,0.6666666666666666,0.8,0.4285714285714285,0.0,0.6666666666666666,1.0,0.6,0.6666666666666666,0.3333333333333333,1.0,0.5,0.5,1.0,0.6666666666666666,0.0,0.625,,0.6666666666666666
u135328,,,,,,,,,,,,,0.0,,0.0,,,0.0,,
u136107,,,,,,,,,,,,,0.0,,0.0,,,1.0,,
u136392,,,,1.0,0.0,,,1.0,1.0,,1.0,,,,1.0,,,0.0,,
u136909,,,,,,,,,,,,,0.0,,0.0,,,0.0,,
u138204,,,,,,,,,,,,,1.0,,0.5,,,1.0,,
u139713,0.0,,,,,,,,,,,,0.0,,0.0,,,0.0,,
u140116,,,,,,,,,,,,,0.0,,0.0,,,,,
u140337,1.0,1.0,1.0,1.0,1.0,1.0,,,0.5,0.0,0.75,1.0,0.6666666666666666,0.0,0.5,,,0.6,,0.0
u140463,0.0,,,1.0,1.0,,1.0,,0.0,,0.0,,0.3333333333333333,1.0,0.0,,0.5,0.4,,1.0
u141784,,,,,,,,,,,,,0.0,,1.0,,,,,
u142648,1.0,,,,,,,,,,,,1.0,,0.5,,,0.3333333333333333,,
u143508,0.6,0.75,0.6,0.6,0.6956521739130435,0.5,0.9166666666666666,0.875,0.5769230769230769,0.7333333333333333,0.5454545454545454,1.0,0.76,0.5294117647058824,0.5,0.7272727272727273,0.7368421052631579,0.7575757575757576,0.8181818181818182,0.6666666666666666
u143603,0.7,1.0,0.5555555555555556,0.4615384615384615,0.8,0.6,0.6,0.6666666666666666,0.6363636363636364,0.9,0.375,0.8333333333333334,0.8787878787878788,0.5,0.5454545454545454,0.75,0.875,0.5,0.0,0.7692307692307693
u144840,1.0,0.8333333333333334,0.8,1.0,0.5555555555555556,0.625,1.0,,0.6923076923076923,0.6666666666666666,0.7,1.0,0.6666666666666666,0.625,0.75,,1.0,0.625,,0.5
u146245,0.5,0.0,0.5,0.0,0.0,0.0,,,1.0,0.0,0.0,1.0,0.3333333333333333,0.0,0.5,,,0.0,,0.0
u147391,,,,,,,,,,,,,1.0,,1.0,,,1.0,,
u147874,0.5,1.0,0.0,1.0,1.0,0.0,,,0.0,0.0,0.25,1.0,0.0,0.0,0.5,,,0.6,,0.5
u148368,,,,,,,,,,,,,0.0,,0.5,,,,,
u148733,0.0,,,,,,,,,,,,1.0,,0.5,,,0.3333333333333333,,
u149203,1.0,1.0,0.5,0.5,0.0,0.0,1.0,1.0,0.3333333333333333,0.0,0.8,1.0,0.7142857142857143,0.5,0.75,1.0,0.5,0.4,0.0,0.4
u150162,1.0,,,,,,,,,,,,0.0,,0.5,,,0.6,,
u150307,0.75,1.0,0.75,0.8461538461538461,0.8235294117647058,0.5625,0.8148148148148148,0.8235294117647058,0.6666666666666666,0.7894736842105263,0.85,1.0,0.9545454545454546,0.8,0.8181818181818182,0.9615384615384616,0.6842105263157895,0.8367346938775511,0.8529411764705882,0.6521739130434783
u150308,0.5555555555555556,0.2,0.6666666666666666,0.6530612244897959,0.775,0.6190476190476191,0.6111111111111112,0.7894736842105263,0.6666666666666666,0.5714285714285714,0.5,1.0,0.6296296296296297,0.53125,0.5555555555555556,1.0,0.8095238095238095,0.6521739130434783,0.8,0.5892857142857143
u151285,,,,,,,,,,,,,1.0,,0.5,,,0.0,,
u15163,0.7954545454545454,0.7222222222222222,0.7536231884057971,0.654320987654321,0.7947019867549668,0.7413394919168591,0.7306273062730627,0.7682403433476395,0.7494407158836689,0.7744360902255639,0.734375,0.6666666666666666,0.8025210084033614,0.7933579335793358,0.6987951807228916,0.7292576419213974,0.8,0.7981651376146789,0.7472527472527473,0.7095435684647303
u15170,,,,0.0,,1.0,,1.0,0.0,,,,,0.0,,1.0,,,,
u152315,0.5,1.0,0.0,0.3333333333333333,0.0,0.0,0.5,,0.3333333333333333,0.0,0.4,1.0,0.5714285714285714,0.0,0.5,0.5,0.3333333333333333,0.3333333333333333,1.0,0.25
u153068,0.5,0.0,0.5,0.0,0.0,0.0,,,0.0,0.0,0.25,0.0,0.3333333333333333,1.0,0.0,,,0.4,,0.5
u153926,,,0.5,,0.0,,,,1.0,,,,0.5,,0.0,,0.5,,,0.5
u154031,0.6666666666666666,0.5833333333333334,0.625,0.4117647058823529,0.5555555555555556,0.5,0.6190476190476191,0.7619047619047619,0.7241379310344828,0.5,0.4107142857142857,0.5909090909090909,0.7520661157024794,0.6363636363636364,0.5952380952380952,0.6904761904761905,0.9090909090909092,0.5959595959595959,0.6756756756756757,0.52
u154170,1.0,1.0,0.6666666666666666,1.0,0.0,1.0,,,0.0,1.0,1.0,1.0,1.0,,1.0,,,1.0,,1.0
u154598,0.0,0.0,0.3333333333333333,1.0,0.0,0.0,,,0.0,0.0,0.25,0.0,0.3333333333333333,,0.0,,,0.4,,0.5
u15592,0.0,0.75,0.7777777777777778,0.5217391304347826,0.6060606060606061,0.7,0.6333333333333333,0.6,0.4444444444444444,0.5555555555555556,0.3333333333333333,,0.6896551724137931,0.3636363636363636,0.6923076923076923,0.6190476190476191,0.6470588235294118,0.5135135135135135,0.631578947368421,0.5526315789473685
u159922,0.8,0.0,0.3333333333333333,0.0,0.0,0.0,0.8,,0.2,0.0,0.4,0.0,0.3333333333333333,1.0,1.0,,0.5,0.0,1.0,0.1666666666666666
u160069,0.5,1.0,0.8,0.6,0.4285714285714285,0.4285714285714285,0.7857142857142857,0.6,0.625,0.6666666666666666,0.8333333333333334,1.0,0.7857142857142857,1.0,0.75,0.7142857142857143,0.5,0.5789473684210527,1.0,0.6
u160645,0.6941176470588235,0.6506024096385542,0.6666666666666666,0.65625,0.6212121212121212,0.5394736842105263,0.7844036697247706,0.6629213483146067,0.5932203389830508,0.6329113924050633,0.6911764705882353,0.8034188034188035,0.8014888337468983,0.4833333333333333,0.722972972972973,0.8041958041958042,0.7777777777777778,0.7440585009140768,0.7846153846153846,0.6293103448275862
u160669,1.0,1.0,0.4444444444444444,0.0,0.0,0.4,1.0,1.0,0.2,0.3333333333333333,0.0,0.0,0.4,0.3333333333333333,1.0,1.0,0.0,0.1666666666666666,1.0,0.6666666666666666
u161686,0.7105263157894737,0.782608695652174,0.8823529411764706,0.8,0.6,0.6774193548387096,0.84375,0.7368421052631579,0.825,0.7058823529411765,0.8518518518518519,0.6086956521739131,0.7982456140350878,0.6875,0.6444444444444445,0.8333333333333334,0.8529411764705882,0.7833333333333333,0.7,0.7666666666666667
u161737,0.6666666666666666,1.0,1.0,0.6666666666666666,1.0,0.6666666666666666,0.0,,0.75,0.5,0.75,1.0,1.0,,1.0,,1.0,1.0,0.0,0.5
u162578,0.8888888888888888,1.0,0.8,0.75,0.5625,0.4,0.6153846153846154,0.625,0.7586206896551724,0.5,0.6666666666666666,0.8,0.7407407407407407,0.6363636363636364,0.75,0.8333333333333334,0.6428571428571429,0.6363636363636364,0.625,0.6842105263157895
u163689,1.0,,,,,,,,,,,,0.0,,0.0,,,0.0,,
u16377,0.5,0.0,0.6896551724137931,0.5652173913043478,0.6666666666666666,0.5909090909090909,0.4285714285714285,0.4,0.75,0.4814814814814814,0.7142857142857143,,0.6470588235294118,0.6,0.6,1.0,0.6,0.5714285714285714,0.625,0.5833333333333334
u164218,0.0,1.0,0.6666666666666666,1.0,0.5,1.0,,,1.0,0.5,0.5,0.0,0.25,1.0,0.3333333333333333,1.0,,0.3333333333333333,0.0,0.6666666666666666
u164342,0.6666666666666666,1.0,1.0,0.0,0.5,1.0,1.0,,0.0,0.0,0.6,1.0,0.8,1.0,0.5,1.0,,0.7142857142857143,1.0,0.5
u164984,0.0,0.0,0.4166666666666667,0.0,0.4,0.2,0.6666666666666666,0.0,0.2,0.6666666666666666,0.6,0.0,0.2,0.3333333333333333,0.3333333333333333,,0.4,0.4545454545454545,0.0,0.5
u165649,0.7515151515151515,0.8223684210526315,0.7558139534883721,0.8351648351648352,0.7692307692307693,0.7587719298245614,0.8095238095238095,0.7,0.7333333333333333,0.7857142857142857,0.775,0.9,0.8301886792452831,0.6538461538461539,0.8163265306122449,0.8214285714285714,0.8888888888888888,0.8439716312056738,0.6086956521739131,0.7659574468085106
u166133,0.6666666666666666,1.0,0.6666666666666666,0.0,0.0,0.5,,,0.0,0.0,0.0,0.0,0.3333333333333333,,1.0,,,0.2,,0.5
u166978,0.3333333333333333,1.0,0.6666666666666666,0.0,0.0,0.0,0.0,0.0,0.5,0.0,0.3333333333333333,1.0,0.6,0.0,0.5,0.3333333333333333,0.0,0.7142857142857143,,0.5
u168052,0.3333333333333333,1.0,0.3333333333333333,1.0,0.0,1.0,,,0.0,0.0,0.5,1.0,0.3333333333333333,,0.0,,,0.6,,0.5
u169720,,,,,,,,,,,,,1.0,,,,,,,
u171773,0.7741935483870968,0.704225352112676,0.7258064516129032,0.6761904761904762,0.5813953488372093,0.7,0.75,0.3333333333333333,0.7522935779816514,0.74,0.5043478260869565,0.9142857142857144,0.7758620689655172,0.5764705882352941,0.7431192660550459,0.7608695652173914,0.7164179104477612,0.78,0.7142857142857143,0.6904761904761905
u172746,0.0,0.0,0.0,0.0,0.0,0.0,,,0.0,0.0,0.0,0.0,0.3333333333333333,,0.0,,,0.2,,0.0
u173117,1.0,0.0,0.3333333333333333,1.0,1.0,0.2,,,0.0,0.0,0.0,0.0,0.0,,0.0,,,0.4,,0.0
u174310,0.6666666666666666,1.0,1.0,1.0,0.5,0.6666666666666666,,1.0,1.0,0.3333333333333333,0.5,1.0,0.3333333333333333,,1.0,,,0.2857142857142857,0.5,0.5
u174758,,,,,,,,,,,,,0.0,,0.5,,,,,
u175636,1.0,,,,,,,,,,,,1.0,,0.0,,,0.0,,
u175833,0.75,0.7012195121951219,0.6521739130434783,0.4666666666666667,0.6551724137931034,0.6111111111111112,1.0,0.5,0.6065573770491803,0.7142857142857143,0.6090909090909091,0.5,0.4117647058823529,0.6363636363636364,0.6363636363636364,0.5,0.5714285714285714,0.6875,0.3333333333333333,0.8181818181818182
u178952,,,,,,,,,,,,,0.0,,0.0,,,0.0,,
u179079,,,,,,,,,,,,,0.0,,0.5,,,,,
u179769,0.0,1.0,0.6666666666666666,1.0,0.0,0.0,,,0.0,0.0,0.0,0.0,0.3333333333333333,,0.0,,,0.4,,0.5
u180030,,,,,,,,,,,,,1.0,,0.5,,,1.0,,
u180109,1.0,1.0,1.0,1.0,1.0,0.5,,,1.0,1.0,0.5,1.0,0.3333333333333333,,0.0,,,0.6,,1.0
u181017,1.0,0.0,0.6666666666666666,0.0,0.0,0.5,,,0.0,1.0,0.25,1.0,0.6666666666666666,,0.0,,,0.4,,0.5
u182659,0.1428571428571428,0.5,0.5,0.0,0.0,0.6666666666666666,0.4444444444444444,0.5,0.0,0.0,0.125,0.0,0.3333333333333333,,0.5,0.7142857142857143,,0.4705882352941176,0.25,0.0
u182716,0.0,,,,,,,,,,,,1.0,,0.0,,,0.0,,
u18356,0.0,,,,,0.5,,,,,,,1.0,,1.0,,1.0,0.0,,
u183718,1.0,1.0,0.6666666666666666,1.0,1.0,0.5,,0.6666666666666666,0.3333333333333333,0.75,0.6,0.0,0.8,,0.5,0.3333333333333333,,0.5555555555555556,0.0,0.25
u184016,1.0,1.0,0.6666666666666666,1.0,1.0,1.0,,,0.0,0.0,0.5,1.0,0.6666666666666666,,0.0,,,0.4,,0.5
u184581,0.3333333333333333,1.0,0.6666666666666666,1.0,0.0,0.0,,,0.0,0.0,0.0,0.0,0.3333333333333333,,0.0,,,0.2,,0.5
u18624,1.0,,0.0,0.0,0.5,0.0,0.5,0.0,0.5,0.0,0.6666666666666666,1.0,1.0,0.0,,0.6,,0.6,0.4285714285714285,0.6666666666666666
u186302,0.75,1.0,0.7272727272727273,0.5,0.8,0.75,0.7037037037037037,0.6923076923076923,0.7307692307692307,0.7894736842105263,0.7222222222222222,1.0,0.8518518518518519,0.6,0.4,0.8,0.8235294117647058,0.7090909090909091,0.8181818181818182,0.6666666666666666
u186432,0.8,0.7142857142857143,0.5714285714285714,1.0,0.5,0.75,0.5714285714285714,1.0,0.8,0.75,0.4,1.0,0.8484848484848485,0.8,0.7692307692307693,0.6,0.75,0.6666666666666666,0.8,0.75
u187828,0.0,0.0,0.0,0.0,0.0,0.0,,,0.0,0.0,0.25,0.0,0.6666666666666666,,0.0,,,0.2,,0.0
u188175,0.6666666666666666,1.0,0.6666666666666666,1.0,0.0,1.0,1.0,,0.0,1.0,0.4,1.0,0.6,,0.0,0.75,,0.4,0.0,0.5
u190115,0.7647058823529411,0.6666666666666666,0.7575757575757576,0.7368421052631579,0.7894736842105263,0.6041666666666666,0.6702127659574468,0.7625,0.6818181818181818,0.6896551724137931,0.6909090909090909,1.0,0.7865168539325843,0.6666666666666666,0.8181818181818182,0.7731958762886598,0.8095238095238095,0.7116564417177914,0.75,0.7171717171717171
u190341,0.0,0.0,0.6666666666666666,0.0,0.0,0.0,,,0.0,0.0,0.25,1.0,0.6666666666666666,,0.0,,,0.0,,0.0
u191348,0.3333333333333333,1.0,0.3333333333333333,1.0,1.0,0.6666666666666666,,,0.75,0.0,0.5,1.0,0.3333333333333333,0.5,0.75,,1.0,0.5,,0.5
u191981,0.3518518518518518,0.3855932203389831,0.31875,0.3115942028985507,0.5294117647058824,0.2834645669291338,0.5033557046979866,0.5061728395061729,0.4129353233830846,0.4516129032258064,0.384,0.5047619047619047,0.5652173913043478,0.1475409836065573,0.4755244755244755,0.5583333333333333,0.375,0.5615942028985508,0.5877192982456141,0.3928571428571428
u192324,0.3333333333333333,1.0,0.3333333333333333,0.0,0.0,0.5,,,0.0,1.0,0.0,0.0,0.3333333333333333,,0.5,,,0.4,,0.0
u192403,0.9090909090909092,0.825,0.8604651162790697,0.7586206896551724,0.7931034482758621,0.8709677419354839,0.8297872340425532,0.9032258064516128,0.803921568627451,0.64,0.8877551020408163,0.9444444444444444,0.9402985074626866,0.6086956521739131,0.8888888888888888,0.8314606741573034,0.6896551724137931,0.9426751592356688,0.86,0.78125
u192829,,,,,,,,,,,,,1.0,,0.0,,,1.0,,
u19299,,,0.0,,0.0,1.0,0.0,,,,,,1.0,,,,,,,
u193072,0.3333333333333333,0.0,0.0,0.0,0.0,0.0,,,0.0,0.0,0.5,1.0,0.3333333333333333,,0.5,,,0.4,,0.0
u193238,1.0,,,,,,,,,,,,1.0,,0.5,,,0.6666666666666666,,
u195146,1.0,,,,,,,,,,0.6666666666666666,1.0,0.6666666666666666,,0.5,,,0.8,,
u196214,,,,,,,,,,,,,1.0,,0.5,,,0.0,,
u198244,1.0,1.0,0.3333333333333333,1.0,0.0,0.0,0.5,1.0,1.0,0.0,0.0,0.0,0.4,,0.0,1.0,,0.4285714285714285,1.0,1.0
u198443,1.0,,1.0,,,0.0,,,,,,,,,,,0.0,0.0,1.0,
u199988,0.6666666666666666,1.0,0.3333333333333333,1.0,0.3333333333333333,0.75,0.5,,0.5,0.0,0.0,0.0,0.25,0.3333333333333333,0.0,,,0.1666666666666666,,0.625
u201045,0.6666666666666666,1.0,0.6666666666666666,1.0,1.0,1.0,,,0.0,0.0,0.5,1.0,0.3333333333333333,,0.5,,,0.4,,0.0
u20109,0.0,,0.5,0.1666666666666666,1.0,0.0,0.6666666666666666,0.75,0.5,0.8,,,0.6,,1.0,0.6666666666666666,0.5555555555555556,0.5,0.5,0.5625
u201198,0.75,1.0,0.25,0.6666666666666666,0.5,0.5,0.6842105263157895,0.8,0.625,0.8,0.4,0.0,0.5333333333333333,1.0,0.8571428571428571,0.6363636363636364,1.0,0.5333333333333333,0.9,0.6
u201350,,,,,,,,,,,,,0.0,,0.0,,,,,
u201352,,,,,,,,,,,,,1.0,,0.5,,,1.0,,
u202180,,,,,,,,,,,,,1.0,,1.0,,,,,
u203125,0.3333333333333333,1.0,0.3333333333333333,1.0,0.0,0.5,,,0.0,0.0,0.25,0.0,0.6666666666666666,,0.0,,,0.2,,0.5
u205805,0.6666666666666666,1.0,0.6666666666666666,1.0,1.0,1.0,,,0.0,0.0,0.0,1.0,0.0,,0.5,,,0.4,,0.0
u205839,,,,,,,,,,,,,0.0,,0.5,,,,,
u205873,1.0,,,,,,,,,,,,0.5,,0.0,,,0.4,,
u206217,0.3333333333333333,1.0,0.6666666666666666,1.0,0.0,0.0,,,1.0,1.0,0.0,1.0,0.3333333333333333,,0.0,,,0.2,,0.0
u20741,0.5,0.1428571428571428,0.5,0.2727272727272727,0.4285714285714285,0.75,0.25,0.3333333333333333,0.3157894736842105,0.7,0.4545454545454545,0.6363636363636364,0.5675675675675675,0.0,0.625,0.6666666666666666,0.4444444444444444,0.4871794871794871,,0.7142857142857143
u207496,,,,,,,,,,,,,1.0,,0.5,,,0.0,,
u209805,0.6666666666666666,1.0,0.0,1.0,0.0,0.5,,,0.0,0.0,0.25,1.0,0.0,,0.5,,,0.4,,0.5
u210217,0.6666666666666666,0.9090909090909092,1.0,0.631578947368421,0.8181818181818182,0.6666666666666666,0.85,0.6,0.7083333333333334,0.75,0.5882352941176471,1.0,0.8974358974358975,0.2142857142857142,0.631578947368421,0.5714285714285714,0.6842105263157895,0.4666666666666667,0.6363636363636364,0.75
u210972,0.3333333333333333,0.0,1.0,1.0,1.0,0.0,,,0.0,0.0,0.5,0.0,0.6666666666666666,,0.0,,,0.8,,0.5
u211037,0.0,1.0,0.6,0.75,0.0,0.6666666666666666,,1.0,0.0,1.0,0.5,0.0,0.25,,0.0,,,0.6666666666666666,1.0,1.0
u211227,0.5,,0.0,,,,,,,,0.0,0.0,0.0,,0.0,,,0.2,,
u211841,0.3333333333333333,0.0,0.3333333333333333,0.0,0.0,0.5,,,0.0,0.0,0.0,0.0,0.3333333333333333,,0.0,,,0.2,,0.5
u211934,1.0,1.0,1.0,0.0,1.0,0.5,,,1.0,1.0,0.75,1.0,0.6666666666666666,,0.5,,,1.0,,1.0
u212099,0.75,1.0,0.6,0.8333333333333334,0.3333333333333333,0.8,0.75,0.5,0.4444444444444444,0.2,0.5,1.0,0.75,0.7142857142857143,1.0,1.0,0.5,0.8333333333333334,0.6666666666666666,0.5714285714285714
u213653,0.0,,,,,,,,,,,,1.0,,0.0,,,0.3333333333333333,,
u213786,0.75,1.0,1.0,1.0,0.75,0.6666666666666666,0.6666666666666666,0.0,1.0,0.6666666666666666,0.6,1.0,0.8571428571428571,1.0,0.0,1.0,0.6666666666666666,0.5714285714285714,1.0,1.0
u21432,0.5714285714285714,0.6987951807228916,0.52,0.5666666666666667,0.5294117647058824,0.5362318840579711,0.6454545454545455,0.6172839506172839,0.5357142857142857,0.6,0.5743243243243243,0.6590909090909091,0.661849710982659,0.6129032258064516,0.7044025157232704,0.5045871559633027,0.7105263157894737,0.6732283464566929,0.5104166666666666,0.6730769230769231
u214510,0.6666666666666666,1.0,1.0,1.0,0.0,0.5,,,0.0,0.0,0.0,1.0,0.3333333333333333,,0.5,,,0.6,,0.5
u215384,0.6666666666666666,0.5,0.8,1.0,0.6,0.25,1.0,1.0,0.5454545454545454,0.9,0.7142857142857143,1.0,0.8888888888888888,,0.5,1.0,0.5,0.6666666666666666,0.0,0.25
u215822,0.6666666666666666,0.5,0.4285714285714285,0.25,0.3333333333333333,0.1666666666666666,0.8571428571428571,,0.75,0.6666666666666666,0.7142857142857143,1.0,0.8181818181818182,0.6666666666666666,0.5,1.0,0.6,0.9230769230769232,1.0,0.7777777777777778
u218716,0.5,1.0,0.3333333333333333,1.0,0.0,0.0,0.6,0.5,0.6,0.5,0.4,1.0,0.7777777777777778,0.5,0.6666666666666666,0.75,0.5,0.5,0.0,0.0
u220066,0.4769230769230769,0.3962264150943396,0.5441176470588235,0.48,0.4666666666666667,0.4117647058823529,0.625,0.4666666666666667,0.4285714285714285,0.5777777777777777,0.4468085106382978,0.4285714285714285,0.6068376068376068,0.46875,0.6271186440677966,0.6486486486486487,0.5609756097560976,0.5411764705882353,0.3636363636363636,0.4520547945205479
u221649,0.3333333333333333,0.0,0.0,0.0,0.0,0.0,,,0.0,0.0,0.25,0.0,0.0,,0.0,,,0.2,,0.5
u221780,1.0,,,,,,,,,,0.5,,0.0,,0.5,,,0.4,,
u224346,0.6666666666666666,1.0,0.3333333333333333,0.0,0.0,0.0,,,0.0,0.0,0.25,0.0,0.3333333333333333,,0.0,,,0.6,,0.5
u225218,,,,,,,,,,,,,1.0,,,,,,,
u226557,0.5,0.75,0.375,0.6,0.5,0.25,1.0,1.0,0.2857142857142857,0.5,0.3333333333333333,0.5,0.6666666666666666,0.5,1.0,1.0,0.6666666666666666,0.3125,1.0,0.875
u227387,0.7142857142857143,0.6666666666666666,0.5,0.5,0.5714285714285714,0.6,0.6,0.5,0.2857142857142857,0.75,0.375,0.5,0.8148148148148148,0.2857142857142857,0.6,0.8,0.7142857142857143,0.5,0.6666666666666666,0.625
u22997,1.0,0.5714285714285714,0.8095238095238095,0.7692307692307693,0.8518518518518519,0.9230769230769232,0.8181818181818182,0.8333333333333334,0.7592592592592593,0.7586206896551724,0.6153846153846154,1.0,0.7555555555555555,0.8461538461538461,0.8,0.7777777777777778,0.6666666666666666,0.875,0.625,0.7209302325581395
u229979,0.0,0.0,0.3333333333333333,1.0,0.0,0.0,,,0.0,0.0,0.25,1.0,0.3333333333333333,,0.0,,,0.2,,0.5
u232171,0.3333333333333333,1.0,0.6470588235294118,0.75,0.5,0.8461538461538461,0.6875,1.0,0.5625,0.5384615384615384,0.75,0.0,0.8125,0.75,0.7142857142857143,0.8571428571428571,0.75,0.7142857142857143,0.625,0.5
u233681,0.6666666666666666,1.0,1.0,0.5,0.5,0.6,0.8333333333333334,,0.3333333333333333,0.5,0.6,1.0,1.0,0.5,0.5,1.0,0.5,0.7777777777777778,0.6666666666666666,0.3333333333333333
u234857,0.6666666666666666,1.0,0.6666666666666666,1.0,0.0,1.0,,,0.0,0.0,0.0,0.0,0.3333333333333333,,0.5,,,0.2,,0.0
u235165,0.6666666666666666,0.7096774193548387,0.6923076923076923,0.5294117647058824,0.88,0.5454545454545454,0.6,0.6,0.6666666666666666,0.75,0.675,0.6153846153846154,0.7115384615384616,0.625,0.7142857142857143,0.6363636363636364,0.7333333333333333,0.6388888888888888,0.5625,0.9411764705882352
u235310,0.4,1.0,0.6666666666666666,1.0,0.0,0.5,1.0,1.0,0.3333333333333333,0.0,0.2,1.0,0.6666666666666666,,1.0,,0.0,0.625,1.0,0.5
u23567,0.65,0.8,0.7,0.6666666666666666,0.9230769230769232,0.7142857142857143,0.7777777777777778,1.0,0.5294117647058824,0.75,0.75,0.8181818181818182,0.7906976744186046,0.4,0.7142857142857143,0.8888888888888888,0.7222222222222222,0.7619047619047619,0.75,0.9523809523809524
u235930,1.0,1.0,1.0,1.0,0.0,1.0,0.3333333333333333,,0.5,0.5,0.4,0.0,0.75,1.0,0.0,,1.0,0.6,,1.0
u235979,0.3333333333333333,0.5,0.6666666666666666,1.0,1.0,1.0,,,0.0,0.0,0.0,0.0,0.6666666666666666,,1.0,,,0.6,,0.0
u237512,0.3333333333333333,0.0,0.6666666666666666,0.0,0.0,0.0,,0.5,1.0,0.0,0.5,1.0,0.4,,0.5,1.0,,0.375,,0.0
u239781,0.0,1.0,0.6666666666666666,0.0,0.0,0.5,,,0.0,0.0,0.25,1.0,0.3333333333333333,,0.0,,,0.8,,1.0
u239962,0.3333333333333333,1.0,0.5,0.6666666666666666,0.5714285714285714,1.0,1.0,0.0,0.6923076923076923,1.0,0.5,1.0,0.7777777777777778,0.75,0.3333333333333333,1.0,0.5714285714285714,0.6666666666666666,0.0,0.4
u241243,0.8333333333333334,1.0,0.6,0.6,0.7692307692307693,0.7333333333333333,0.5,1.0,0.5263157894736842,0.5833333333333334,0.5,1.0,0.782608695652174,0.7777777777777778,0.6923076923076923,0.8181818181818182,0.6,0.7222222222222222,1.0,0.5833333333333334
u241821,,,,1.0,1.0,0.3333333333333333,,,0.0,1.0,,,,,,,,,,
u243019,0.6666666666666666,0.0,0.3333333333333333,0.0,0.0,0.5,,,0.0,0.0,0.25,1.0,0.0,,0.0,,,0.8,,0.5
u243197,0.6666666666666666,0.0,0.0,0.0,0.0,0.5,,,0.0,0.0,0.0,0.0,0.3333333333333333,,0.5,,,0.2,,0.0
u243205,1.0,1.0,1.0,1.0,0.3333333333333333,0.75,0.0,,0.5,1.0,0.75,1.0,0.6666666666666666,0.5,0.75,1.0,0.8571428571428571,0.7142857142857143,0.5,0.75
u244572,0.75,1.0,,,,,,,,,,0.5,0.6666666666666666,,0.75,,,0.3333333333333333,,
u245354,0.3333333333333333,0.0,0.6666666666666666,0.6666666666666666,0.0,0.3333333333333333,1.0,0.0,0.0,0.0,0.0,0.0,0.6,0.6666666666666666,0.5,0.6,0.0,0.6,0.3333333333333333,0.0
u246317,,,0.5,,0.0,1.0,0.5,0.0,1.0,1.0,1.0,,0.75,0.0,0.6666666666666666,1.0,0.25,1.0,,1.0
u246624,0.75,1.0,0.6666666666666666,0.0,0.5,0.75,0.5,1.0,0.5,1.0,0.4,1.0,0.8636363636363636,,0.8333333333333334,1.0,,0.6,0.0,0.6666666666666666
u247080,,,,,,,,,,,,,1.0,,0.0,,,1.0,,
u247852,0.6153846153846154,0.5555555555555556,0.5517241379310345,0.5,0.7,0.5454545454545454,0.5833333333333334,0.6666666666666666,0.6666666666666666,0.4090909090909091,0.5555555555555556,1.0,0.5652173913043478,0.7777777777777778,0.6666666666666666,0.8,0.5172413793103449,0.5555555555555556,0.5384615384615384,0.6428571428571429
u248064,0.6666666666666666,1.0,0.625,1.0,0.75,0.5714285714285714,0.6,0.5,0.5,0.5,0.4285714285714285,1.0,0.5,0.75,0.6666666666666666,0.7142857142857143,0.5,0.5333333333333333,0.6666666666666666,0.7142857142857143
u248448,0.3333333333333333,1.0,0.6666666666666666,0.0,0.0,0.0,,,0.0,1.0,0.25,0.0,0.3333333333333333,,0.0,,,0.6,,0.5
u248959,0.7916666666666666,0.873015873015873,0.8421052631578947,0.9090909090909092,0.75,0.7545454545454545,0.7272727272727273,0.6666666666666666,0.5714285714285714,0.6,0.55,1.0,0.9019607843137256,0.5,0.7407407407407407,1.0,0.6666666666666666,0.8,0.6428571428571429,0.75
u249395,,0.6666666666666666,0.7272727272727273,0.75,1.0,0.875,0.6410256410256411,0.6111111111111112,0.55,0.6666666666666666,0.5882352941176471,,0.7619047619047619,0.7777777777777778,0.8333333333333334,0.75,0.8666666666666667,0.7346938775510204,0.65,0.8095238095238095
u249443,,,,,,,,,,,,,1.0,,1.0,,,1.0,,
u25,,,,,,0.0,,,,,,,,,,,,,,
u250511,,,,,,,,,,,,,1.0,,0.0,,,,,
u254809,,,,1.0,0.0,1.0,1.0,,,0.0,0.0,,,,,,0.0,,,0.0
u257913,,,,0.0,,1.0,,,0.6666666666666666,,,,1.0,1.0,,,1.0,,,
u258320,,,1.0,0.0,,0.75,,,0.6,1.0,,,,,1.0,,1.0,,,0.6666666666666666
u259116,,,,1.0,,0.8,,,0.0,,,,,1.0,,,0.5,,,
u259459,1.0,,0.0,0.0,0.6666666666666666,0.8,,0.0,0.5,0.5,,,0.0,0.5,1.0,,0.6666666666666666,,,0.6666666666666666
u260104,,,,1.0,1.0,1.0,,,0.0,1.0,0.0,,,1.0,,,,,,0.0
u260135,,,,,1.0,1.0,,,,,,,,0.0,,,,1.0,,0.0
u26133,0.5,1.0,0.5,0.5555555555555556,0.7142857142857143,0.5,1.0,1.0,0.5714285714285714,0.8,0.0,1.0,0.5833333333333334,0.8571428571428571,0.5,1.0,0.625,0.5,0.0,0.4
u26137,0.8,0.8275862068965517,0.8888888888888888,0.9,1.0,0.9642857142857144,1.0,0.75,0.8181818181818182,0.7142857142857143,0.7777777777777778,1.0,0.9615384615384616,0.0,0.9166666666666666,1.0,0.8888888888888888,0.9375,0.8,0.7777777777777778
u262536,,,,0.75,,0.3333333333333333,,,0.0,1.0,,,,,,,1.0,1.0,,0.6666666666666666
u26412,0.0,,0.3333333333333333,0.5,0.25,0.5,,,0.75,0.3333333333333333,,,,,1.0,,0.3333333333333333,,,0.4
u266149,,,1.0,,,,,,0.0,,,,,,,,,,,1.0
u266209,,,,,,0.5,,,,,,,,,,,,,,
u266585,0.5,,0.75,0.625,0.5,0.5833333333333334,0.5555555555555556,0.7142857142857143,0.5333333333333333,0.8,0.5,,0.7,0.4444444444444444,0.75,1.0,0.75,0.0,0.6666666666666666,0.5
u267364,,,,,,,,1.0,,0.0,,,,,,,,0.0,,
u267444,,,,,0.0,0.5,,,1.0,0.5,,,,,,,,,1.0,1.0
u268858,,,,1.0,,1.0,,,1.0,,,,1.0,,1.0,,,,1.0,1.0
u269156,,,,0.0,1.0,1.0,,,0.0,,,,,,,0.0,1.0,,,
u26946,1.0,,,,,,,,,,,,0.8571428571428571,,0.625,,,,,
u271207,0.0,,0.6666666666666666,0.0,1.0,0.25,,0.0,0.7142857142857143,0.75,,,1.0,0.25,0.5,,0.5,0.0,1.0,0.75
u271454,,,,0.0,,0.6666666666666666,,,0.0,,,,,0.0,,1.0,,,,0.5
u271498,,,0.0,0.0,,1.0,,,0.0,0.0,,,,,,,,0.0,,0.5
u273006,,,,,1.0,0.5,1.0,,1.0,0.0,,,,0.0,,,,0.5,0.0,
u27393,0.6666666666666666,0.5714285714285714,0.6521739130434783,0.6857142857142857,0.5806451612903226,0.59375,0.7425742574257426,0.8444444444444444,0.5777777777777777,0.6888888888888889,0.8214285714285714,0.5,0.7349397590361446,0.5357142857142857,0.7142857142857143,0.7916666666666666,0.6666666666666666,0.8155339805825242,0.6896551724137931,0.7777777777777778
u275041,,,,,,0.0,,,,,0.0,,,1.0,0.0,0.0,,,0.0,
u276443,,,,1.0,1.0,1.0,0.4444444444444444,1.0,0.5,,1.0,,0.5,,,0.5454545454545454,1.0,0.5833333333333334,0.5384615384615384,1.0
u276838,,,,1.0,0.6666666666666666,0.0,1.0,,0.0,,0.0,,1.0,,,,,,,
u277366,,,,,,0.3333333333333333,1.0,,1.0,0.5,,,,1.0,,,,,,
u27780,0.75,1.0,0.875,0.7142857142857143,0.5,0.5,0.6428571428571429,0.7142857142857143,0.631578947368421,0.5,0.5,0.0,0.6551724137931034,1.0,0.4375,0.875,0.5714285714285714,0.6666666666666666,0.6,0.4615384615384615
u27884,0.0,1.0,0.5,0.5,0.0,1.0,,,0.6666666666666666,0.5,0.0,1.0,0.7142857142857143,0.0,0.3333333333333333,,,0.0,,0.5
u279327,,,,1.0,,0.25,,,1.0,,,,,1.0,,,1.0,,,0.0
u280346,,,,,,,0.0,,0.3333333333333333,0.0,,,,,,0.0,1.0,,,
u280692,0.0,,,0.0,,0.25,,,0.0,,,,,,,,1.0,1.0,,1.0
u280962,,,,,1.0,0.0,,,,0.0,,,,1.0,,,1.0,1.0,,1.0
u281010,0.0,,,,,0.0,,,,,,,,,,,,0.0,,1.0
u281270,,0.0,1.0,1.0,,0.0,1.0,0.0,0.375,,,,0.5,0.3333333333333333,0.5,1.0,0.5,0.8,0.5,0.6666666666666666
u281389,0.65625,1.0,0.7777777777777778,0.6923076923076923,0.5,0.6086956521739131,0.7333333333333333,0.7142857142857143,0.5333333333333333,0.6363636363636364,0.7777777777777778,0.7272727272727273,0.6774193548387096,0.5,0.78125,0.7894736842105263,0.75,0.5813953488372093,0.4444444444444444,0.5238095238095238
u282108,,,1.0,0.0,,,,,1.0,,,,,,,0.0,,,,0.3333333333333333
u282446,0.6153846153846154,1.0,0.25,0.3333333333333333,0.5,0.0,0.2727272727272727,0.4,0.1666666666666666,0.0,0.3333333333333333,0.0,0.8974358974358975,0.3333333333333333,0.55,0.4444444444444444,0.0,0.4615384615384615,0.4285714285714285,0.0
u282754,,,,1.0,0.5,,1.0,,0.0,1.0,,,,,,,,1.0,,0.0
u28360,0.0,,0.5,1.0,0.75,0.5,0.8333333333333334,0.75,0.6666666666666666,0.4,,,0.8666666666666667,0.0,1.0,0.75,0.2857142857142857,0.8333333333333334,0.75,0.5
u286452,,,,,1.0,,,,,,,,,,,,,,,
u286545,,,0.0,,1.0,0.0,,,,,,,,1.0,1.0,1.0,,,,
u287365,,,1.0,1.0,1.0,,,,0.5,,,,,,,,0.0,,,0.0
u287696,,,,,0.0,,,,,,,,,,,,,,,
u28774,0.0,,0.0,1.0,0.25,0.75,0.4285714285714285,0.25,0.25,0.6666666666666666,,,0.0,,1.0,0.6,0.4,0.7142857142857143,0.4,1.0
u28834,0.6716417910447762,0.7959183673469388,0.7297297297297297,0.6923076923076923,0.6299212598425197,0.6160714285714286,0.7567567567567568,0.7142857142857143,0.6481481481481481,0.6666666666666666,0.660377358490566,0.6363636363636364,0.8555555555555555,0.6410256410256411,0.8035714285714286,0.7538461538461538,0.71,0.7435897435897436,0.7674418604651163,0.6397058823529411
u288625,0.0,,1.0,0.5,1.0,0.0,0.8,1.0,0.4,0.0,0.0,,0.5714285714285714,0.0,0.5,0.0,0.5,0.8333333333333334,0.6666666666666666,0.3333333333333333
u289409,0.0,,0.7142857142857143,0.75,1.0,0.375,0.5,0.5,0.5555555555555556,0.7777777777777778,,,0.75,1.0,1.0,1.0,0.5,0.8571428571428571,0.5714285714285714,0.6
u289442,,,,,,0.5,,,,,,,,,,,,,,
u289493,,,,0.0,0.0,1.0,,,,,,,,,,,,,,1.0
u289531,0.5,1.0,0.625,0.625,0.3333333333333333,0.4705882352941176,,0.3333333333333333,0.6428571428571429,0.5833333333333334,,,0.75,0.5,0.6666666666666666,,0.5,0.0,0.75,0.4615384615384615
u28972,0.2222222222222222,0.5,0.125,0.3,0.375,0.4444444444444444,0.5,0.5,0.1818181818181818,0.3333333333333333,0.4,0.5,0.6,1.0,0.2666666666666666,0.8,0.1666666666666666,0.2222222222222222,0.6,0.2727272727272727
u290166,,,1.0,,,,,,0.0,,,,,,,,,1.0,,0.0
u290722,,,,,,0.0,,,,,,,,,,,,,,
u291001,,,1.0,1.0,,0.25,,,0.6666666666666666,,,,1.0,,1.0,,1.0,1.0,1.0,0.6
u291650,,,,0.0,,1.0,,,0.5,,,,,,1.0,1.0,,,,1.0
u292093,,,,,1.0,0.0,0.0,0.5,,,,,0.0,0.5,1.0,,,0.5,,0.0
u29274,0.5,,,,,,,,,,,,0.7083333333333334,,0.6363636363636364,,,,,
u293336,,,,,,0.0,,,0.0,0.0,,,,,,,,0.0,,
u294503,,,1.0,0.0,1.0,0.0,0.5,,0.5,,,,1.0,,,0.6666666666666666,,1.0,1.0,
u294933,,,,,,0.0,,,,,,,,0.5,0.0,,,1.0,0.0,1.0
u295133,,,,0.5,0.0,,,1.0,,1.0,,,,,0.0,,,0.0,,
u297735,,,,,,,,0.0,,,,,,,,,,,,
u297874,,,,,,1.0,,,,0.0,1.0,,,1.0,,,,1.0,0.0,1.0
u30072,0.0,,,,1.0,,,,,1.0,,,0.6190476190476191,,0.3333333333333333,,,,,1.0
u300876,,,1.0,,,0.0,1.0,,0.5,1.0,,,,0.0,,1.0,,,,0.0
u300892,,,0.0,,,1.0,,0.0,0.0,,,,,0.0,,,,,,
u302350,,,,,,,,,,,,,0.0,,0.0,,,,,
u302747,,,0.0,,,0.5,,,0.0,,,,,,,0.0,,,1.0,
u303465,,,,,0.0,0.0,,,0.5,,,,,,,,,,,0.0
u305629,,,1.0,,,0.0,,1.0,,,,,,,,,,1.0,,0.0
u305690,,,,1.0,,0.5,,,0.0,0.0,,,,,,1.0,,,,
u305813,0.0,,,1.0,,0.5,,,0.25,,,,,,,1.0,0.5,,0.0,0.0
u306300,,,,,,0.0,,,,,,,1.0,1.0,,,,0.0,,
u307399,,,0.0,,,0.0,,,1.0,0.0,,,,,,,,1.0,,
u307911,,,1.0,1.0,0.5,0.6666666666666666,,1.0,0.75,1.0,,,,,1.0,,,,,0.0
u308219,0.8888888888888888,0.5,0.6666666666666666,0.5737704918032787,0.7045454545454546,0.5625,0.5217391304347826,0.5625,0.5043478260869565,0.625,0.375,,0.7058823529411765,0.4,0.7272727272727273,0.5333333333333333,0.6714285714285714,0.6363636363636364,0.75,0.6153846153846154
u308309,,,,,,1.0,0.5,,,,1.0,,0.75,1.0,,0.0,,1.0,1.0,0.5
u309251,,,1.0,0.6,,0.5,1.0,,,0.5,1.0,,0.4,1.0,,1.0,,1.0,1.0,1.0
u30937,0.0,,,,,,,,,,,,0.6206896551724138,,0.375,,,1.0,,
u310350,,,,0.0,,,1.0,,0.5,,,,1.0,0.5,,,1.0,0.5,,1.0
u310456,0.7441860465116279,0.7391304347826086,0.75,0.7058823529411765,0.8,0.6206896551724138,0.65,0.5384615384615384,0.6944444444444444,0.75,0.7090909090909091,0.7631578947368421,0.6938775510204082,0.6666666666666666,0.6666666666666666,0.8,0.6111111111111112,0.7307692307692307,0.5384615384615384,0.5925925925925926
u3110,0.5847953216374269,0.7010869565217391,0.6597222222222222,0.559322033898305,0.7352941176470589,0.622568093385214,0.5827586206896552,0.6009852216748769,0.697841726618705,0.7078651685393258,0.5714285714285714,0.696969696969697,0.680921052631579,0.72,0.7188755020080321,0.6929133858267716,0.6759776536312849,0.6444444444444445,0.5405405405405406,0.7076271186440678
u311044,,,1.0,,1.0,0.6666666666666666,,,0.0,,,,,,,,,,,0.0
u311675,,,,,0.0,0.0,0.5,0.0,0.5,0.5,,,0.5,0.0,,,0.0,0.6666666666666666,1.0,0.5
u311738,,,,,1.0,,,,,0.0,,,,,,0.0,,,1.0,
u311904,,,,,0.5,,0.0,,,,,,,,,,0.0,0.0,,
u312215,,,,1.0,0.0,0.6666666666666666,,,1.0,0.0,0.0,,,,,,1.0,,,
u312704,0.0,,0.6666666666666666,1.0,0.0,,,,,,0.0,,,,,1.0,,,,
u315152,1.0,,1.0,,,,,,,,,,,0.0,,,1.0,,,0.0
u31570,0.4718614718614718,0.6346153846153846,0.625,0.6666666666666666,0.4,0.4583333333333333,0.5416666666666666,0.5833333333333334,0.0,0.5,0.4347826086956521,0.5503875968992248,0.6494565217391305,0.0,0.5772357723577236,0.5816326530612245,0.4,0.5702479338842975,0.4693877551020408,0.2
u316564,,,,1.0,,,,,0.5,,,1.0,0.5,,,,,,0.0,
u317445,,,,,0.0,0.5,,,,,,,,,,0.0,,,,
u317502,0.0,,1.0,,0.0,0.0,1.0,1.0,0.0,,,,,,,,0.5,0.5,,1.0
u318174,,,,,,0.3333333333333333,,,0.0,1.0,,,,0.0,1.0,,,,,
u318702,,,,,,,,,0.0,,,,0.0,,,,,0.5,0.0,
u318924,,,,0.0,,1.0,,,0.0,,,,,,,,1.0,,,1.0
u320123,,,,,,,,,0.0,,,,,,1.0,,1.0,1.0,1.0,
u321090,,,1.0,1.0,1.0,1.0,0.6666666666666666,0.0,0.75,0.0,,,0.5,0.5,1.0,,0.75,0.6,1.0,0.4285714285714285
u321174,,,,0.0,,0.0,,0.0,0.0,,,,1.0,,,,,,,1.0
u321304,0.0,,,0.0,0.0,0.0,,,,,,,,,,1.0,,,1.0,
u321710,,,0.0,0.5,,1.0,,,0.0,,,,,,,,,,0.0,0.0
u322634,,,,,,1.0,,,0.0,1.0,1.0,,,,,,,,1.0,0.0
u324222,,,,,1.0,0.0,,,,,,,,,,,,,,0.0
u327580,,,,,,,1.0,,0.0,1.0,,,0.5,,,0.5,,0.25,0.5,1.0
u327877,1.0,,,,0.0,0.0,,,0.0,,,,,0.0,,1.0,,,,
u328547,,,0.0,,,,,,0.0,1.0,,,,,,,,1.0,,0.0
u328708,,,,,1.0,,,,0.0,,,,,,,,0.0,,,
u328967,,,0.0,0.0,,0.0,,,0.0,0.0,0.0,,1.0,,,,,,,0.0
u329989,,,,,1.0,1.0,,,,,,,0.0,,,,0.0,0.0,,
u33022,0.7272727272727273,1.0,0.3333333333333333,1.0,0.4,0.0,0.8,0.8,0.25,0.25,,0.5,0.7941176470588235,,0.5294117647058824,0.6666666666666666,0.3333333333333333,0.8095238095238095,0.5,0.5
u330452,,,,0.0,,1.0,,,,,,,1.0,1.0,,,0.0,,,0.6666666666666666
u331255,,,,,,,,,0.0,0.3333333333333333,,,,1.0,,,,,,1.0
u333084,,,,,,0.0,0.3333333333333333,1.0,0.25,,,,0.75,0.0,0.0,1.0,0.0,1.0,1.0,0.0
u334001,,,1.0,0.5,1.0,0.5,,,0.5,0.0,,,1.0,0.0,0.0,,,,1.0,0.0
u33448,0.6666666666666666,1.0,0.5,1.0,0.0,1.0,,,0.0,0.0,0.0,1.0,0.6521739130434783,1.0,0.5,,,0.6,,0.0
u334981,,,,,0.0,0.0,,,,0.0,,,,,,,,1.0,,
u3352,0.5471698113207547,0.5714285714285714,0.5882352941176471,0.6666666666666666,0.5555555555555556,0.5,0.5833333333333334,0.8095238095238095,0.64,0.5,0.5869565217391305,0.5833333333333334,0.6833333333333333,1.0,0.5652173913043478,0.631578947368421,0.625,0.6171875,0.5833333333333334,0.2727272727272727
u335205,,,,,1.0,0.0,,,,1.0,,,,,,1.0,,,,
u338685,,,,1.0,,0.5,0.5,,0.0,1.0,,,,0.0,,1.0,1.0,1.0,0.25,1.0
u34003,1.0,1.0,0.7272727272727273,0.9166666666666666,0.6363636363636364,0.5454545454545454,0.6,0.6666666666666666,0.6666666666666666,0.6875,,,0.8888888888888888,0.5,0.6666666666666666,0.75,0.4444444444444444,0.5294117647058824,0.2857142857142857,0.8823529411764706
u341645,,,1.0,0.0,0.6,0.75,,0.0,1.0,0.0,,1.0,,0.0,,,1.0,1.0,0.0,0.6666666666666666
u342839,,,1.0,0.0,0.0,0.0,,,1.0,,,,,,,,,,,
u343034,,,,1.0,0.0,,,,,,,,0.0,,,,,0.0,,1.0
u345120,,,,0.0,0.0,1.0,,,1.0,,,,,1.0,,,,,,0.0
u345162,,,,,,1.0,,0.0,1.0,0.0,,,0.5,,,0.0,,,,
u345406,,,,,1.0,1.0,,0.0,,,,,,,0.0,,,,,0.0
u346041,1.0,,,0.5,,0.3333333333333333,1.0,,0.6666666666666666,0.6666666666666666,,,,,,0.25,,0.0,1.0,0.0
u348868,,,,,,0.0,,,,0.0,1.0,,0.0,,,0.0,,,,
u349679,,,,1.0,,0.0,,0.0,,,,,,,1.0,,1.0,,,0.0
u349776,,,,,,,,,,,,,,,,,0.0,,,
u349929,0.5,1.0,1.0,0.5,0.0,0.6666666666666666,0.8333333333333334,,0.8,1.0,0.75,1.0,1.0,1.0,1.0,1.0,1.0,0.6666666666666666,0.8571428571428571,0.5
u351062,0.6666666666666666,0.8,0.5,0.8571428571428571,0.5,0.3333333333333333,0.6666666666666666,0.625,0.7142857142857143,0.625,0.8888888888888888,0.2,0.7103448275862069,0.375,0.65,0.6923076923076923,0.3333333333333333,0.6153846153846154,0.6666666666666666,0.5882352941176471
u351376,,,,0.0,,0.0,,1.0,1.0,,,,,1.0,,1.0,,,,0.5
u353823,,,,,,0.0,,,1.0,1.0,,,0.0,,,,1.0,,,1.0
u354318,,,,0.0,,0.6666666666666666,,,1.0,1.0,,,0.0,,1.0,,,,,
u354553,,,,,0.0,0.0,,,0.0,,,,,0.0,,,0.0,,1.0,
u356393,,,,,,,,,0.0,,0.0,,0.0,,,,0.3333333333333333,,,1.0
u356513,,,,,0.3333333333333333,0.5,,,1.0,0.0,,,1.0,,,,,0.5,1.0,
u357067,,,,0.0,,1.0,,0.0,,0.0,,,0.0,,,,,0.0,,
u357438,,,,,,,,,,,,,,,,,,,,1.0
u35795,1.0,,,,,,,,,0.0,,,0.8095238095238095,,0.375,,,,,
u357962,,,,,1.0,0.0,,,,1.0,,,,0.0,,,,,,
u35913,0.6818181818181818,0.5555555555555556,0.6,0.5555555555555556,0.8333333333333334,0.4761904761904761,0.7857142857142857,0.8888888888888888,0.3333333333333333,0.2,0.3846153846153846,0.5,0.686046511627907,0.2857142857142857,0.5714285714285714,0.9523809523809524,0.6666666666666666,0.6333333333333333,0.75,0.75
u359592,0.0,,1.0,0.0,,0.5,,,,,,,,,,,,,,1.0
u359964,,,,0.0,,,,,1.0,,,,,,,,0.0,0.0,1.0,0.0
u360294,,,0.0,0.0,,1.0,,,1.0,,,,,,,,0.0,,,1.0
u361184,,,,0.0,0.0,0.0,,,,,,,0.0,,,0.0,,1.0,,
u361536,0.7692307692307693,0.5,0.6285714285714286,0.6941176470588235,0.7647058823529411,0.5897435897435898,0.7297297297297297,0.5666666666666667,0.6338028169014085,0.6947368421052632,0.64,1.0,0.639344262295082,0.5833333333333334,0.6285714285714286,0.8301886792452831,0.7047619047619048,0.7586206896551724,0.6666666666666666,0.7419354838709677
u361589,1.0,,,,,1.0,1.0,0.0,0.1666666666666666,,,,,,0.0,,0.3333333333333333,,,0.5
u362447,,,0.5,,1.0,1.0,1.0,0.75,0.3333333333333333,0.25,1.0,,0.7142857142857143,1.0,0.5,0.6666666666666666,0.75,0.75,0.5,
u362622,,,,0.0,1.0,0.3333333333333333,,0.3333333333333333,0.0,0.5,,,0.0,,,,0.0,0.0,0.0,1.0
u363519,0.5833333333333334,0.6363636363636364,0.4545454545454545,0.4545454545454545,0.7142857142857143,0.6,0.6923076923076923,0.0,0.6086956521739131,0.5833333333333334,0.3333333333333333,0.4,0.5789473684210527,0.5454545454545454,0.6666666666666666,0.5,0.8,0.5909090909090909,0.4285714285714285,0.5
u365309,,,,,0.0,,,0.0,0.5,1.0,,,,,,,,,,1.0
u365914,0.0,0.0,0.3333333333333333,0.25,,0.5,0.0,0.5,0.3846153846153846,0.6666666666666666,,,0.6153846153846154,0.5,0.6666666666666666,,,,,0.6666666666666666
u366751,,,,,0.0,0.3333333333333333,,,,,,,,0.0,1.0,,,,,0.0
u366818,1.0,,,0.6666666666666666,1.0,1.0,0.0,0.5,0.6666666666666666,0.5,0.0,,0.8,0.5,0.6666666666666666,0.0,1.0,0.0,,0.4
u366927,0.5714285714285714,0.3333333333333333,0.8333333333333334,0.375,0.625,0.5555555555555556,0.6,0.5,0.5714285714285714,0.5882352941176471,,,0.7419354838709677,0.8,0.9375,0.3333333333333333,0.5833333333333334,0.75,0.6,0.7142857142857143
u367181,,,,1.0,0.5,0.5,,,1.0,0.0,0.5,,0.75,,1.0,1.0,0.0,0.5,1.0,0.5
u367486,,,,,,1.0,,,1.0,,1.0,,1.0,,,,,0.0,,
u368475,,,,,1.0,,,,1.0,,,,,,,,,,,
u369686,,,1.0,1.0,,1.0,,,0.0,,,,,,,,1.0,,,
u369794,,,,,,0.0,,,0.0,,,,,,,1.0,,0.0,,
u370789,1.0,,,,0.0,0.0,,,,1.0,0.0,,0.5,,0.0,,0.0,,1.0,1.0
u371195,,,1.0,,0.3333333333333333,0.0,,,,,0.5,,,,,,0.0,0.5,,
u371209,,1.0,,,,0.0,1.0,0.0,0.5,,0.3333333333333333,1.0,0.6666666666666666,1.0,0.2857142857142857,0.5,,0.5,,
u371513,,,,,,0.5,,0.0,,0.0,,,,,,,0.5,,,
u374826,,,0.3333333333333333,0.5,0.3333333333333333,0.6666666666666666,0.75,0.6666666666666666,0.6666666666666666,0.75,0.0,,0.8571428571428571,,1.0,1.0,1.0,0.4444444444444444,1.0,0.7142857142857143
u376336,0.0,1.0,1.0,1.0,,1.0,,,0.0,0.25,,,0.0,0.0,,0.0,0.75,,0.5,0.2
u376821,,,0.5,0.5,0.3333333333333333,0.6,,,0.0,1.0,1.0,,,1.0,0.5,,0.0,0.5,,0.5
u376854,,,,0.0,,,,,,,0.0,,,,,,,,,1.0
u377234,,,,,,0.3333333333333333,,,,,,,,,,,,1.0,,
u377247,,,,,,,,,,0.0,,,,,,,,,,
u37769,0.3809523809523809,0.6491228070175439,0.4583333333333333,0.5625,0.5,0.5416666666666666,0.48,0.5714285714285714,0.5151515151515151,0.6923076923076923,0.575,0.5714285714285714,0.5121951219512195,0.5,0.7142857142857143,0.56,0.7777777777777778,0.3333333333333333,0.3461538461538461,0.5769230769230769
u377747,,,,0.0,,0.0,,1.0,0.5,,,,0.0,,,,0.0,,,
u379050,0.8223495702005731,0.8954393770856507,0.865533230293663,0.8397932816537468,0.8664459161147903,0.8596341982135262,0.8453947368421053,0.8601694915254238,0.8761627906976744,0.8706766917293233,0.899165061014772,0.8918918918918919,0.8808290155440415,0.8541468064823642,0.8330097087378641,0.8562874251497006,0.8604651162790697,0.8414473684210526,0.8248337028824834,0.8541247484909457
u379875,,,,,0.0,0.0,1.0,0.0,,,,,,,,0.0,,,,0.0
u381385,,,,1.0,,0.0,1.0,,1.0,1.0,,,,,,,,,1.0,1.0
u382156,,,,1.0,1.0,,,,,,,,0.0,,,,,0.0,1.0,0.0
u383014,1.0,,,,0.0,1.0,,,0.0,,,,0.5555555555555556,,0.5,1.0,0.0,1.0,,
u384030,,,,,0.0,1.0,,,0.0,,,,,,1.0,,1.0,,,0.5
u384303,,,1.0,,,1.0,,1.0,1.0,0.5,,,,1.0,,1.0,0.75,1.0,1.0,1.0
u385511,,,0.0,,0.5,,,1.0,,,,,,,,,,,0.0,
u385992,,,1.0,1.0,,,0.0,,0.5,,,,,,,1.0,,1.0,,
u387072,1.0,,,1.0,,0.6666666666666666,0.0,,0.5,,,,,0.0,,,1.0,1.0,0.0,0.5
u387083,,,,,0.5,,,,1.0,,,,0.0,,,,,,,1.0
u388242,1.0,1.0,,1.0,0.0,1.0,0.0,0.6,0.6666666666666666,0.0,0.0,,1.0,1.0,1.0,1.0,1.0,0.625,1.0,1.0
u388964,,,,1.0,0.0,0.0,,,0.5,0.0,,,,0.0,,,0.5,1.0,,
u389264,,,,0.0,,,,,0.5,,,,1.0,,,,,0.5,0.0,
u390372,,0.0,1.0,0.0,1.0,0.0,1.0,,1.0,,,,0.2,0.0,0.5,0.5,1.0,0.5,0.0,0.0
u390829,,,0.5,0.5,0.75,0.1666666666666666,0.6,0.6666666666666666,0.4285714285714285,1.0,0.8181818181818182,,0.64,0.3333333333333333,0.5,0.6153846153846154,0.6666666666666666,0.7142857142857143,0.72,0.2857142857142857
u392051,,,,,0.6666666666666666,0.5,0.5,,0.0,,1.0,,,0.5,,,1.0,,,0.1666666666666666
u392579,,,,,,1.0,,,,,,,,,,,,,,1.0
u393183,,,,,0.0,0.0,,,,,,,0.0,,,1.0,,1.0,,
u393678,,,,,,0.3333333333333333,,,,1.0,,,,,,,,0.3333333333333333,,
u39388,,,,,,,,,,,,,0.0,,,,,,,
u394467,0.7349397590361446,0.7238805970149254,0.6785714285714286,0.7307692307692307,0.6595744680851063,0.6986301369863014,0.8157894736842105,0.8095238095238095,0.6507936507936508,0.6923076923076923,0.7777777777777778,0.7777777777777778,0.9035087719298246,0.5641025641025641,0.7857142857142857,0.9019607843137256,0.7777777777777778,0.7912087912087912,0.8181818181818182,0.7647058823529411
u394793,,,,1.0,0.0,0.0,1.0,1.0,0.0,,,,,,,,,,0.0,
u39484,0.7230769230769231,0.7045454545454546,0.6075949367088608,0.5858585858585859,0.5795454545454546,0.6666666666666666,0.6231884057971014,0.6666666666666666,0.6035502958579881,0.620253164556962,0.6031746031746031,0.6666666666666666,0.8508064516129032,0.5714285714285714,0.7905405405405406,0.8082191780821918,0.6754385964912281,0.7583333333333333,0.7076923076923077,0.7117117117117117
u395028,,,,,,1.0,1.0,1.0,,1.0,,1.0,1.0,,,,,,0.0,
u39551,0.5,1.0,,,,,1.0,,,,,,0.7727272727272727,,0.6363636363636364,1.0,,0.75,,
u397357,,,,,,,,,,1.0,,,0.5,,,,0.0,,,0.5
u397410,,0.0,1.0,0.0,0.0,0.0,0.6,0.0,1.0,1.0,,,1.0,,,1.0,0.3333333333333333,0.5,1.0,0.0
u397812,0.7272727272727273,0.8,0.6666666666666666,0.5714285714285714,0.5,0.7142857142857143,0.5,0.6,0.7142857142857143,0.75,0.7777777777777778,,0.7368421052631579,1.0,0.6666666666666666,0.9,1.0,0.75,0.0,0.5
u398797,,,,,,,,1.0,1.0,,0.0,,,,,,,,,0.0
u39968,0.0,,,,,,,,,,,,0.3809523809523809,,0.25,,,,,
u399834,1.0,1.0,,,1.0,0.3333333333333333,,0.0,1.0,,,,0.8709677419354839,,0.9,,1.0,0.3333333333333333,,0.0
u40183,0.6764705882352942,0.6363636363636364,0.5714285714285714,0.8,0.7142857142857143,0.5714285714285714,0.8125,0.6666666666666666,0.6,0.3333333333333333,0.782608695652174,0.8378378378378378,0.7849462365591398,0.0,0.7428571428571429,0.7380952380952381,0.2857142857142857,0.7710843373493976,0.6923076923076923,0.625
u402034,1.0,,0.0,1.0,1.0,0.0,1.0,1.0,0.6666666666666666,0.75,,,0.6666666666666666,1.0,1.0,,0.5,1.0,,0.6666666666666666
u402580,,,1.0,0.0,1.0,0.3333333333333333,0.6666666666666666,,0.8333333333333334,1.0,,,,1.0,,0.5,1.0,0.0,0.0,1.0
u402772,0.4791666666666667,0.6470588235294118,,0.0,0.25,0.2,0.6097560975609756,0.6842105263157895,0.75,0.5,0.5,0.5,0.6145833333333334,0.3333333333333333,0.3611111111111111,0.6136363636363636,0.5,0.4432989690721649,0.71875,0.4
u402840,0.0,,,1.0,,0.0,,,1.0,,,,,,,,,1.0,,0.0
u40394,0.0,,,,,,,,,,,,0.8095238095238095,,0.75,,,,,
u404205,,,,0.0,,,0.0,,0.5,0.5,0.0,,0.5,0.0,0.0,,1.0,0.0,0.5,0.3333333333333333
u405969,,,,,,0.5,,1.0,0.0,0.0,,,,,,,,,,
u406711,,,,,,,,,,,,,,,,0.0,,,,
u409701,0.7142857142857143,0.7368421052631579,0.5714285714285714,0.6363636363636364,0.8571428571428571,0.75,0.5714285714285714,1.0,0.6666666666666666,0.5625,0.8461538461538461,0.6666666666666666,0.8461538461538461,0.7272727272727273,0.7222222222222222,0.625,0.5,0.8484848484848485,0.5,0.6
u410780,0.0,,,0.0,1.0,,,,0.0,,,,,,,,,0.5,1.0,
u410812,0.5333333333333333,0.3,0.7307692307692307,0.5517241379310345,0.6451612903225806,0.64,0.5263157894736842,0.5833333333333334,0.7352941176470589,0.6363636363636364,0.5769230769230769,0.3333333333333333,0.7105263157894737,0.5,0.5714285714285714,0.7619047619047619,0.5789473684210527,0.6216216216216216,0.5333333333333333,0.5714285714285714
u41091,0.8333333333333334,1.0,,,,0.0,,,,,,0.5,0.7450980392156863,,0.7777777777777778,,,,,
u413859,,,,,1.0,0.0,1.0,,0.0,,,,1.0,,,1.0,,,,1.0
u414755,,,,,,0.0,,,0.3333333333333333,1.0,,,,,,1.0,,1.0,,
u415525,0.5,,0.0,0.25,1.0,0.8571428571428571,0.5,0.8461538461538461,0.2,0.9,1.0,,1.0,0.8,1.0,0.7777777777777778,0.6428571428571429,0.7777777777777778,0.8461538461538461,0.6
u415806,,,,,,1.0,1.0,,,,1.0,,0.75,1.0,0.0,,0.0,0.5,0.5,0.6666666666666666
u415903,,,,,,0.0,1.0,1.0,1.0,,0.0,,0.8,,0.0,0.0,,0.5,0.0,0.0
u416095,,,,,,0.0,,,,,,,,,,,,,,1.0
u416843,,,,0.0,,1.0,,0.0,,,1.0,,,,,0.5,,0.0,,
u41706,,,,,,,,,,,,,1.0,,1.0,,,,,
u417504,0.0,,,,0.0,0.5,,0.0,,,,,,,,1.0,,0.5,,0.0
u418553,,,1.0,,,1.0,,,0.3333333333333333,,,,,,0.0,,,,,
u418655,,1.0,,,,0.25,0.75,,0.0,,,,0.8571428571428571,0.0,1.0,1.0,,1.0,1.0,0.0
u419229,,,,,,1.0,,,,,,,,,,,,,0.0,
u423035,,,,0.0,0.0,,,1.0,,,1.0,,,,,0.0,,1.0,1.0,
u423499,,,,0.0,1.0,1.0,,,1.0,,1.0,,,,,,,,,
u424351,,,,1.0,,0.0,,,0.3333333333333333,0.0,,,1.0,,,1.0,,,,
u424557,0.0,1.0,0.9,0.6206896551724138,0.6842105263157895,0.8125,0.7169811320754716,0.7931034482758621,0.7450980392156863,0.6875,0.8333333333333334,,0.7631578947368421,0.7333333333333333,0.8,0.6923076923076923,0.5833333333333334,0.7719298245614035,0.6792452830188679,0.6222222222222222
u426510,,,,,0.0,,,1.0,,0.0,,,,,,,,1.0,,
u428089,,1.0,1.0,0.0,,0.3333333333333333,0.0,,1.0,0.0,,,,,,0.0,0.6666666666666666,0.0,,0.5
u428294,,,,0.5,,0.0,1.0,,0.6666666666666666,0.0,,,,0.0,,,0.0,,,
u429476,,,1.0,0.0,,0.0,1.0,1.0,0.0,,,,0.3333333333333333,,,1.0,,1.0,1.0,1.0
u431649,1.0,,0.75,0.3333333333333333,0.3333333333333333,0.75,0.0,1.0,0.8,0.3333333333333333,,,0.5,0.4,0.0,,0.0,0.0,,0.625
u431744,,,,,0.0,1.0,,,0.5,0.0,,,,,,,0.0,,,0.6666666666666666
u43252,0.6789168278529981,0.7116104868913857,0.684931506849315,0.7583892617449665,0.7272727272727273,0.6862170087976539,0.6908212560386473,0.7341772151898734,0.6530612244897959,0.8275862068965517,0.6040816326530613,0.7208121827411168,0.7413479052823315,0.5333333333333333,0.653179190751445,0.7341040462427746,0.5945945945945946,0.7154811715481172,0.7518248175182481,0.6226415094339622
u432581,,,,0.0,1.0,0.0,,,0.75,,,,1.0,1.0,1.0,,0.0,1.0,1.0,0.5
u434995,,,,1.0,0.0,1.0,,1.0,1.0,,,,0.0,,,,1.0,,,1.0
u435026,,,,,1.0,1.0,1.0,,,,,0.0,0.0,,0.0,,,,,1.0
u435729,,,,1.0,0.0,0.6666666666666666,,,0.0,,,,0.0,,,,0.0,0.0,,
u435923,,,,,,0.0,,,,,,,,,,,,,,0.0
u435976,0.0,,,0.0,,,,,0.0,,,,,,,,0.0,,,0.0
u436936,,,,,0.0,0.0,0.0,,,,,,,,,,0.0,0.0,,
u43750,0.0,0.0,0.0,0.5,0.0,0.0,,,0.0,0.0,0.0,0.0,0.3333333333333333,0.0,0.0,,,0.2,,0.5
u438172,,,,,,1.0,0.0,,,,0.0,,,,,,,,0.0,
u438339,1.0,,0.8,0.4285714285714285,0.75,0.8571428571428571,1.0,0.0,0.625,0.8571428571428571,1.0,,1.0,0.5,1.0,0.5,0.8333333333333334,,0.5,0.6
u438375,0.5294117647058824,0.375,0.5102040816326531,0.5,0.6588235294117647,0.3493975903614458,0.5625,0.4927536231884058,0.5367647058823529,0.6891891891891891,0.4655172413793103,0.0,0.5066666666666667,0.392156862745098,0.7297297297297297,0.5974025974025974,0.5824175824175825,0.5482233502538071,0.4591836734693877,0.5220588235294118
u438693,0.0,0.0,1.0,0.2,,0.5,0.6666666666666666,0.6666666666666666,0.7142857142857143,0.3333333333333333,,,,1.0,1.0,,1.0,1.0,1.0,0.2857142857142857
u43957,0.6,0.7619047619047619,0.6666666666666666,0.5294117647058824,0.9090909090909092,0.76,0.6538461538461539,0.8823529411764706,0.7297297297297297,0.8333333333333334,0.52,0.8461538461538461,0.7849462365591398,0.3684210526315789,0.7,0.7142857142857143,0.8387096774193549,0.7692307692307693,0.8461538461538461,0.6296296296296297
u439581,,,,,1.0,0.0,,,0.6666666666666666,,,,,,,,,,,0.5
u440068,0.0,,,0.5,,1.0,0.0,0.5,0.0,0.6666666666666666,0.0,,1.0,1.0,0.6666666666666666,1.0,,0.5,0.5,
u440323,,,,0.0,0.5,1.0,,,,,1.0,,,,,,0.5,1.0,,
u440605,,,,,,0.0,0.5,,0.6666666666666666,,,,,,,0.5,,,,0.0
u440687,,,,1.0,1.0,1.0,,,1.0,,,,,,,,,1.0,0.0,
u440741,,,,,0.3333333333333333,1.0,,,,1.0,,,0.0,0.0,,,,,,
u441877,0.7863247863247863,0.7835820895522388,0.7962962962962963,0.65,0.7058823529411765,0.6260869565217392,0.8461538461538461,0.775,0.5882352941176471,0.7450980392156863,0.7355371900826446,0.7647058823529411,0.81,0.5,0.7413793103448276,0.896551724137931,0.6724137931034483,0.8387096774193549,0.5666666666666667,0.7948717948717948
u442232,,,0.0,,0.0,,,,0.5,,,,,,,,,,,
u442236,,1.0,0.0,1.0,,1.0,0.5,1.0,0.4,1.0,1.0,,0.75,,,1.0,0.6666666666666666,0.8,1.0,0.0
u442510,,,1.0,0.0,,0.6666666666666666,,,0.6666666666666666,1.0,,,1.0,1.0,,0.0,1.0,1.0,1.0,
u442690,,,1.0,,0.0,0.0,,,0.3333333333333333,,,,,0.0,,,,,,
u443293,0.6666666666666666,1.0,0.0,0.0,0.4,0.6666666666666666,0.6470588235294118,0.6363636363636364,0.8888888888888888,0.7272727272727273,0.8,,0.7083333333333334,0.5714285714285714,,0.7222222222222222,0.6,0.6428571428571429,0.7222222222222222,0.68
u443665,,,,0.0,,0.0,0.0,,,,,,0.6666666666666666,,0.0,,,1.0,,0.5
u445348,,,,,0.0,0.6666666666666666,,,,,,,,,,,1.0,,,0.5
u447364,1.0,,0.3333333333333333,1.0,1.0,0.25,0.7142857142857143,0.8,,0.8333333333333334,,,0.625,1.0,0.0,0.8,0.7777777777777778,0.8571428571428571,,0.75
u447511,,,,0.0,0.5,0.5,,0.0,0.0,0.0,,,,0.5,,0.0,0.0,,,0.3333333333333333
u447587,,,,0.0,,0.5,,1.0,0.0,1.0,,,1.0,,,,0.0,1.0,,
u44797,0.0,,1.0,,1.0,0.5,,0.0,1.0,,,,0.0,,0.5,,,1.0,1.0,
u448544,0.5,0.5263157894736842,0.5714285714285714,0.5714285714285714,0.6363636363636364,0.7258064516129032,0.4761904761904761,0.7777777777777778,0.53125,0.68,0.7777777777777778,0.5,0.7058823529411765,0.5882352941176471,0.75,0.5714285714285714,0.7333333333333333,0.4117647058823529,0.7142857142857143,0.6875
u448730,,,,,,0.0,1.0,,,,,,0.0,,,0.5,,,,
u450054,,,,,,,,,,,,,,,,,0.0,0.0,,
u450257,,,1.0,0.0,,0.0,,,,,,,1.0,,,1.0,0.5,,,0.6666666666666666
u450842,,,1.0,0.0,1.0,0.2,1.0,,1.0,0.0,1.0,,,1.0,,,0.5,0.0,,0.5
u451208,0.7727272727272727,0.8446601941747572,0.8387096774193549,0.7352941176470589,0.68,0.8303571428571429,0.8571428571428571,0.7777777777777778,0.64,0.7391304347826086,0.7910447761194029,0.6666666666666666,0.875,0.6538461538461539,0.8666666666666667,0.8333333333333334,0.6818181818181818,0.8524590163934426,0.8461538461538461,0.6511627906976745
u451990,0.8152173913043478,0.782258064516129,0.8333333333333334,0.875,0.84,0.7627118644067796,0.813953488372093,0.8,0.6956521739130435,0.7391304347826086,0.7857142857142857,0.8,0.9009009009009008,0.7,0.8478260869565217,0.86,0.8333333333333334,0.8762886597938144,0.6666666666666666,0.88
u452715,0.0,,,,,0.0,,0.0,,,,,,,,,,,,
u453202,0.0,,,,0.0,1.0,0.3333333333333333,,0.25,1.0,,,,1.0,0.5,,1.0,,,0.0
u453216,,,,0.5,,,0.0,,1.0,1.0,,,,,,,1.0,,,0.0
u454431,,,,1.0,,,1.0,,0.0,0.0,,,,0.0,1.0,,,,,0.0
u456293,1.0,0.5,,,,0.6666666666666666,0.0,,,1.0,,,0.5,,0.8,,,,,0.0
u456507,,,,1.0,1.0,1.0,0.0,,1.0,,0.0,,,0.0,,0.0,0.5,0.0,,1.0
u456656,1.0,,,,,,,,,,,,,,,,,,1.0,
u456961,0.7,0.75,0.6875,0.5,0.6153846153846154,0.4615384615384615,0.5555555555555556,0.5555555555555556,0.6153846153846154,0.6,0.25,1.0,0.8095238095238095,0.625,0.3846153846153846,0.5,0.8666666666666667,0.6666666666666666,0.5,0.3684210526315789
u456981,,,1.0,,1.0,0.6666666666666666,,0.0,,,,,,,,,,1.0,,
u457978,,,0.0,0.5,0.6666666666666666,0.3333333333333333,0.75,0.25,0.3333333333333333,1.0,0.3333333333333333,,0.75,0.6,1.0,0.5,1.0,0.6666666666666666,0.0,0.0
u458010,0.75,0.4285714285714285,0.0,,1.0,0.0,1.0,1.0,0.75,,,,0.6666666666666666,,0.4444444444444444,1.0,1.0,1.0,0.0,
u458936,,,1.0,,,0.5,,,0.6666666666666666,1.0,,,,0.0,,,0.0,,,0.0
u459559,0.0,,,0.0,,1.0,0.5,,,1.0,,,,,,,,,,
u459621,,,1.0,,0.0,0.0,,,,,,,,,,0.0,,,,0.0
u460977,,,,,,,,,1.0,0.0,,,0.5,,,,,,,0.0
u462314,,,,,,,,,,,,,,,,,,1.0,,
u462401,0.0,,1.0,1.0,0.0,0.0,,1.0,,0.0,,,0.0,,,0.0,0.0,,,1.0
u462660,,,,,,0.0,,,,,,,1.0,,,,,,,
u463371,,,,,,,,,,,,,0.0,,0.5,,,,,
u463752,,,,,0.0,0.0,,0.0,,,0.5,,,,,,,,,
u464192,,,,,,0.4,,,1.0,0.0,,,,,,,1.0,,,
u466952,,,0.0,0.3333333333333333,,0.6666666666666666,0.5,0.5,0.75,0.0,,,0.5,1.0,0.0,0.5,1.0,0.5,0.4285714285714285,0.6
u469014,,,,1.0,1.0,1.0,,1.0,1.0,1.0,1.0,,1.0,1.0,,,0.5,,0.5,1.0
u469672,,,,,,,,,0.0,,,,,,,,,,,
u469914,,,,,1.0,0.0,,,0.3333333333333333,,,,,,,,,1.0,,0.5
u47139,1.0,1.0,0.5,0.5,1.0,0.5,0.5,1.0,0.6,0.3333333333333333,0.4,1.0,0.25,0.0,0.6666666666666666,,1.0,0.6363636363636364,1.0,0.5
u472255,,,,,0.0,1.0,,1.0,0.0,0.0,,,0.0,0.0,,,,,,
u472615,,0.0,,,1.0,1.0,,,1.0,0.0,,,,,,,1.0,,,1.0
u472811,,,,0.0,1.0,,,,,,,,,,,,,1.0,,0.5
u473198,,,0.0,0.0,0.0,,,,0.0,1.0,,,,,,,0.0,0.0,,
u474889,,,,,1.0,0.0,,,1.0,,,,,,,,,,,
u475626,,,,1.0,,1.0,,,0.4,1.0,,,,,,,1.0,,,1.0
u476000,0.7096774193548387,0.6451612903225806,0.6774193548387096,0.3846153846153846,0.6153846153846154,0.6428571428571429,0.6341463414634146,0.4761904761904761,0.5531914893617021,0.6666666666666666,0.6774193548387096,0.8823529411764706,0.7526881720430108,0.3846153846153846,0.5517241379310345,0.6444444444444445,0.5238095238095238,0.6582278481012658,0.6153846153846154,0.6666666666666666
u476610,0.2857142857142857,0.75,0.5789473684210527,0.4324324324324324,0.5483870967741935,0.4285714285714285,0.6440677966101694,0.6136363636363636,0.5362318840579711,0.6,0.5769230769230769,1.0,0.7580645161290323,0.5833333333333334,0.5333333333333333,0.6122448979591837,0.5882352941176471,0.6355140186915887,0.5070422535211268,0.55
u477065,,,,0.0,,0.0,,0.0,,,,,,,1.0,,,,,
u47789,0.0,1.0,0.75,0.5,0.6666666666666666,0.5,0.0,,0.0,0.0,0.0,1.0,0.3333333333333333,0.0,0.25,,,0.6666666666666666,,0.6666666666666666
u478297,1.0,,,,,0.0,,,,,,,,,,1.0,,1.0,1.0,0.0
u478494,,,,1.0,,1.0,,,0.8333333333333334,,0.0,,,1.0,,,,0.0,,
u479062,,,,,0.6666666666666666,0.6666666666666666,1.0,1.0,1.0,0.5,0.5,,0.75,0.0,,0.6,1.0,1.0,1.0,
u480401,,,1.0,0.4,0.5,0.6666666666666666,,,0.4285714285714285,0.2,,,1.0,0.75,0.5,,0.0,0.0,,0.5
u480429,,,,,,,0.0,0.0,,,,,,0.0,,,,1.0,,
u480514,,,,,0.0,0.0,,,,,0.0,,0.0,,,0.0,,,,
u480635,,,,,,0.0,0.0,1.0,,,,,1.0,,,,,,,
u48156,0.6421800947867299,0.7619047619047619,0.7692307692307693,0.53125,0.8387096774193549,0.6842105263157895,0.6790697674418604,0.6433566433566433,0.7551020408163265,0.7428571428571429,0.6340425531914894,0.7132867132867133,0.712707182320442,0.5517241379310345,0.5365853658536586,0.6657142857142857,0.7333333333333333,0.6898638426626323,0.6770186335403726,0.5609756097560976
u481690,,,,,,0.0,,0.0,0.0,0.0,,,,,,0.0,,1.0,1.0,
u481992,,,,0.0,1.0,0.0,1.0,,0.0,,,,0.0,,,,,,1.0,
u482055,1.0,,1.0,0.3333333333333333,0.0,0.25,0.7,0.6666666666666666,0.6,0.6666666666666666,1.0,,0.6363636363636364,0.75,,0.6666666666666666,0.6666666666666666,0.8888888888888888,0.6875,0.0
u483085,,,,1.0,,0.6666666666666666,,1.0,0.3333333333333333,,,,,1.0,,,,1.0,,0.3333333333333333
u483292,1.0,0.0,0.6842105263157895,0.6842105263157895,0.6956521739130435,0.4705882352941176,0.6666666666666666,0.75,0.6304347826086957,0.8181818181818182,0.625,1.0,0.9047619047619048,0.7222222222222222,0.5714285714285714,1.0,0.65,0.8333333333333334,0.7777777777777778,0.7419354838709677
u484449,,,,,1.0,1.0,,,0.75,,0.3333333333333333,,,1.0,,,1.0,1.0,,0.0
u484904,,,1.0,0.3333333333333333,0.7142857142857143,0.6,0.75,0.6,0.4285714285714285,1.0,1.0,,0.4,0.0,0.5,0.5555555555555556,0.4285714285714285,0.7272727272727273,0.8,0.1666666666666666
u485227,1.0,1.0,,,1.0,0.5,1.0,,0.5,1.0,,1.0,0.9473684210526316,,0.8333333333333334,1.0,0.0,1.0,1.0,1.0
u48538,0.5,0.0,0.0,0.5,1.0,1.0,,,0.0,0.0,0.0,0.0,0.3333333333333333,0.0,0.0,,,0.2,,0.0
u485446,,,0.0,,,,1.0,,0.0,1.0,,,1.0,,,,0.0,,,1.0
u486095,,,,,,,,,,1.0,,,,,,,,,,
u486422,,,,,,,,0.0,,,,,,,,,,,,
u486944,,,,1.0,1.0,1.0,1.0,,,1.0,,,1.0,,,,,,0.0,
u487291,,,,,,0.6666666666666666,,,,,,,,,,,,,,
u487845,,,,1.0,1.0,1.0,1.0,1.0,1.0,,,,1.0,1.0,1.0,1.0,,1.0,1.0,1.0
u488140,1.0,,,1.0,1.0,,,,1.0,,,,1.0,1.0,,,,,1.0,0.0
u489904,,,,,,0.3333333333333333,,,,1.0,,,,0.0,,,,,,1.0
u490312,,,0.0,,,,1.0,,,1.0,,,,,,,,,,
u490500,0.0,0.0,,1.0,,0.6,,,0.0,,,,0.5625,1.0,0.25,,0.0,1.0,,0.5
u490583,,,,,,1.0,1.0,,,,,,,,0.0,,0.0,,0.5,0.0
u490690,,,,,,0.25,,,1.0,,,,,,0.0,,,,,0.0
u491116,,,0.0,0.0,1.0,0.0,,1.0,0.3333333333333333,,,,1.0,1.0,0.0,,0.0,0.0,,1.0
u491504,,,,1.0,,1.0,,,,,,,,1.0,0.0,,,0.0,,0.0
u492573,0.5,,0.6666666666666666,0.0,0.6666666666666666,0.6666666666666666,,,0.3333333333333333,0.7142857142857143,,,0.0,0.5,,,0.6666666666666666,1.0,,0.6
u492831,,,,1.0,,0.0,,,,,,,1.0,,,,,,0.5,1.0
u492857,,,,,,0.0,1.0,,,1.0,,,,,,,,1.0,,0.0
u494087,,,,,1.0,1.0,,,,0.0,,,,,1.0,,,0.0,,
u494100,,,1.0,0.0,,1.0,0.0,1.0,1.0,0.0,0.5,,,1.0,,0.0,,,1.0,0.0
u494901,,,1.0,0.3333333333333333,0.6666666666666666,0.5,0.6666666666666666,0.8,0.3333333333333333,,0.3333333333333333,,0.6666666666666666,0.3333333333333333,,0.6666666666666666,,0.3636363636363636,0.5,0.5
u496467,,,,,1.0,,,,,,,,,,,,0.0,,0.0,1.0
u496905,,,1.0,0.0,1.0,0.5,,,0.6666666666666666,,,,,1.0,,1.0,0.0,1.0,1.0,0.5
u498737,0.0,,0.0,,1.0,0.0,,0.0,0.0,,,,1.0,,0.3333333333333333,,0.0,1.0,0.0,0.0
u499067,,,,0.0,,0.0,0.0,,,,,,0.0,,,,,,0.0,
u499727,,,,,,1.0,,,,,,,,,,,,,,
u500512,,,,0.0,0.75,0.0,1.0,,1.0,,0.0,,0.5,0.0,,1.0,0.3333333333333333,1.0,1.0,0.3333333333333333
u500523,,,,0.0,,,0.0,1.0,,,,,,,,,,,0.0,1.0
u502820,,,0.0,0.5,0.5,0.5,0.0,0.6666666666666666,0.8333333333333334,1.0,1.0,,1.0,0.0,1.0,1.0,,0.8,0.6,0.375
u502936,0.8,,0.5,1.0,,0.0,0.4285714285714285,0.5,,,1.0,0.8571428571428571,0.85,,1.0,0.7,,0.7333333333333333,0.6666666666666666,1.0
u504453,0.0,,1.0,0.2,0.4,0.6666666666666666,1.0,0.0,0.75,1.0,0.0,,1.0,0.4444444444444444,1.0,,0.625,0.5,0.5,0.6666666666666666
u508318,0.0,,,0.5,,1.0,,,,,,,,,,,,1.0,0.0,
u509441,,,,0.0,,0.0,,,,,,,,,,,0.5,,,
u509734,1.0,,0.3333333333333333,0.0,1.0,0.5,0.6666666666666666,1.0,0.5,0.0,,,0.6666666666666666,1.0,0.5,1.0,0.5714285714285714,0.5,0.6666666666666666,0.5
u510076,,,,,,,,,1.0,,,,,,,,,,,
u510725,,,1.0,0.0,,1.0,1.0,,0.0,,,,1.0,1.0,,1.0,1.0,1.0,1.0,
u511916,,,,,0.0,0.0,0.0,0.0,,1.0,,,1.0,,,,,0.0,,
u513122,,,0.0,1.0,,0.0,,,1.0,1.0,,,,,,,,,,
u513287,,,1.0,1.0,,0.0,,0.0,,,,,,,0.0,,,,,0.0
u513549,,,,1.0,,,,0.0,0.0,,,,0.0,,,,,,,
u513874,0.5263157894736842,0.6071428571428571,0.3333333333333333,0.5,0.75,0.4615384615384615,0.6153846153846154,0.5714285714285714,0.4137931034482758,0.3333333333333333,0.6363636363636364,0.75,0.7254901960784313,0.4545454545454545,0.589041095890411,0.625,0.5263157894736842,0.66,0.7,0.375
u514227,0.0,,,,1.0,0.0,,,,,,,,,,,,,,0.75
u51472,0.8,0.7142857142857143,0.6666666666666666,0.8235294117647058,0.625,0.875,0.8125,0.75,0.6666666666666666,0.5714285714285714,0.625,0.625,0.8051948051948052,0.75,0.7714285714285715,0.7,0.7142857142857143,0.7209302325581395,0.6666666666666666,0.625
u515439,,,,,,,0.0,,,0.0,1.0,,1.0,1.0,,0.0,,,,
u51699,0.5,1.0,0.5,1.0,0.0,1.0,,,0.5,0.0,0.5,1.0,0.3333333333333333,0.0,0.0,,,0.6,,0.0
u517237,,,,,1.0,,,,,,,,,,,,,,,
u51913,0.5,1.0,0.5,0.0,0.0,0.0,,,0.5,0.0,0.0,1.0,0.6666666666666666,0.0,0.5,,,0.6,,0.0
u519456,,,,,0.0,0.5,,,,0.0,,,,0.0,,,1.0,1.0,,0.0
u519586,,,,,,1.0,,,,,,,,,1.0,,1.0,0.0,,1.0
u519865,0.0,,,,,,,,,,,,,,,,,,,
u520563,1.0,,,,,1.0,0.3333333333333333,,,,0.0,,0.5,,,0.0,,0.0,0.0,
u522055,,,,0.0,,0.0,,,1.0,,,,1.0,0.5,,,,,,1.0
u522240,0.0,,,,,,,,1.0,,1.0,,,,,,,,0.0,0.0
u523430,0.0,,,0.0,0.0,,0.0,0.0,,1.0,,,,,1.0,,,,,
u523735,,,,,,0.75,,,0.5,0.0,,,,,,,0.0,,1.0,
u525381,,,,,1.0,0.5,,,0.0,1.0,,,,,,,0.5,,,
u526334,1.0,,,0.0,,0.3333333333333333,,,0.3333333333333333,,,,,0.0,1.0,,,,,
u526549,1.0,,1.0,0.0,,0.3333333333333333,0.3333333333333333,0.6666666666666666,1.0,0.6,,,,0.5,,0.0,0.6666666666666666,,,0.5
u527468,,,1.0,,0.75,0.5,0.5,1.0,0.4,,1.0,,0.0,0.0,,0.3333333333333333,0.3333333333333333,1.0,,
u527674,,,,,0.0,0.0,,,0.0,,,,,,,,0.0,,,
u528258,,,,,0.0,0.0,1.0,,0.0,0.0,,,,0.0,,,0.0,,,0.0
u528290,,,0.0,1.0,,,,,0.0,,,,,,,1.0,,1.0,,0.0
u52844,0.0,1.0,0.0,0.5,1.0,0.0,,,0.0,0.0,0.0,0.0,0.3333333333333333,0.0,0.5,,,0.4,,0.5
u530535,1.0,,,0.5,,0.5,,,0.0,1.0,,,,,0.0,,,,,
u530724,1.0,,1.0,,0.0,0.5,,,0.3333333333333333,0.0,,,,1.0,1.0,0.0,1.0,1.0,,1.0
u531620,,,0.3333333333333333,0.0,1.0,1.0,1.0,0.0,0.2857142857142857,1.0,0.5,,1.0,0.8,1.0,0.6,0.5,1.0,0.6,0.375
u531788,0.6666666666666666,0.625,0.6,0.0,0.4,0.4285714285714285,1.0,0.0,0.6363636363636364,1.0,0.5714285714285714,,0.7272727272727273,0.6,0.4545454545454545,0.3333333333333333,0.4,,,0.5
u532347,,,,0.0,,0.0,0.5,,0.0,0.0,,,0.5,,,0.6666666666666666,,1.0,,
u535417,,,1.0,,,1.0,1.0,,,,,,,,,,,,0.0,1.0
u535683,0.7230769230769231,0.7450980392156863,0.6363636363636364,0.8,0.6,0.82,0.75,0.5555555555555556,0.7692307692307693,0.1666666666666666,0.64,0.7954545454545454,0.7888888888888889,0.6666666666666666,0.6829268292682927,0.7142857142857143,0.8571428571428571,0.7466666666666667,0.5714285714285714,0.5
u535834,0.5,0.5,0.25,0.5,1.0,0.6,0.5,0.5,0.2857142857142857,0.5714285714285714,0.0,,0.75,0.0,0.3333333333333333,1.0,0.8333333333333334,0.6666666666666666,0.3636363636363636,0.75
u537302,,,0.5,1.0,0.0,1.0,1.0,1.0,0.5,0.5,0.0,,,,,,1.0,,,
u538390,,,,,1.0,1.0,0.0,,0.6666666666666666,,,,,,,,0.0,,,
u538656,0.0,,,,,0.5,0.0,,1.0,0.0,,,1.0,1.0,,,,,,
u540703,,,,1.0,,1.0,,,0.0,1.0,,,,,,,,1.0,,
u540785,,,,0.0,,,,,0.0,,,,,1.0,,0.5,,0.0,0.0,
u541320,,,,,1.0,0.0,,,0.0,1.0,,,,,,0.0,,,,1.0
u541648,,,,0.0,,,0.0,,,0.0,,,,,,,0.0,1.0,,0.0
u542086,,,,,,1.0,,,1.0,,,,,,,,,1.0,0.0,0.0
u542437,0.8507462686567164,0.9111111111111112,0.7222222222222222,0.6538461538461539,0.5,0.68,0.7368421052631579,0.9,0.8285714285714286,0.7777777777777778,0.9375,0.9666666666666668,0.9081632653061223,0.9285714285714286,0.7962962962962963,0.88,0.7857142857142857,0.9615384615384616,0.7142857142857143,0.6818181818181818
u542468,,,,,,1.0,1.0,,,,,,,0.0,,,0.5,,,
u543626,0.0,,0.5,0.6666666666666666,0.6666666666666666,0.2,,0.3333333333333333,0.75,0.25,0.5,,0.25,0.2,0.5,1.0,0.0,,0.5,0.6666666666666666
u544350,,,1.0,0.0,0.0,0.0,,,,1.0,,,,0.0,1.0,,,,,
u544784,,,,,,1.0,,,1.0,0.0,1.0,1.0,,0.5,,,,,,1.0
u545856,,,,,,0.0,,,1.0,,,,,,,,,,,1.0
u546675,,,,,,,,,0.0,,,,,,,,,,,
u546978,,,,,1.0,0.0,0.0,,,,,1.0,0.0,,,1.0,,0.0,,
u547591,,,,1.0,1.0,1.0,,,,,1.0,,1.0,0.0,,,0.0,0.5,,0.0
u547668,,,1.0,0.5,,0.3333333333333333,0.0,1.0,0.5,1.0,,,0.0,0.0,,,1.0,1.0,,0.25
u547728,,,,1.0,1.0,0.0,,,0.0,1.0,1.0,,,,,,0.5,,,1.0
u548162,0.0,0.0,0.7272727272727273,0.5,0.8,0.9333333333333332,0.8333333333333334,0.6666666666666666,0.7058823529411765,0.6875,0.0,,0.4,0.875,0.625,0.6666666666666666,0.6,0.8,0.0,0.6923076923076923
u548249,0.0,,1.0,0.0,0.5,0.5,,,0.0,,,,,,,0.5,1.0,1.0,,1.0
u548331,,,,,0.5,,,0.0,,,,,0.0,0.0,,,0.0,,,0.0
u549674,,,,0.0,1.0,,,,0.0,,1.0,,0.0,,,,,,,1.0
u549676,1.0,,0.5714285714285714,0.75,0.8,0.7142857142857143,0.0,0.6666666666666666,0.6363636363636364,0.6666666666666666,0.0,,1.0,0.6666666666666666,1.0,,0.6666666666666666,0.0,0.6666666666666666,0.7142857142857143
u549818,,,1.0,0.5,,1.0,,1.0,0.5,,,,,1.0,,,0.5,0.0,,0.0
u549929,,,,1.0,,1.0,,,0.0,0.0,,,,0.0,,,,,,1.0
u549982,,,,,0.0,0.0,0.0,,0.0,,,,,,,,,,,
u550433,,,,,,1.0,,,,,,,,,,,,,,
u55092,0.5,0.4545454545454545,0.8125,0.4285714285714285,0.4444444444444444,0.5555555555555556,0.0,1.0,0.8,0.625,0.5,0.0,0.6,0.25,0.6666666666666666,1.0,0.5,0.375,,0.5263157894736842
u553017,,,,,,,,0.0,,,,,,,,0.0,,0.0,,0.0
u554371,,,,1.0,,0.0,0.0,,,,,,,,,0.0,,1.0,0.0,
u55441,0.0,0.0,0.0,0.0,0.0,0.0,,,0.0,0.0,0.0,1.0,0.6666666666666666,1.0,0.0,,,0.6,,0.5
u554632,,,,,,,,,,,,,,0.0,,,,,,
u555460,0.0,,,,,0.5,1.0,,,,,,,,,,0.0,,,
u555727,,,,,1.0,0.5,1.0,0.0,1.0,,,,,,1.0,,,,,
u556028,1.0,1.0,0.7142857142857143,0.8888888888888888,0.8333333333333334,0.6363636363636364,0.5,1.0,0.7333333333333333,0.7272727272727273,,,0.6,0.6,0.75,,0.7333333333333333,1.0,0.6666666666666666,0.6363636363636364
u556059,,,1.0,0.0,,0.6666666666666666,,,,,,,,,,,0.0,,,0.3333333333333333
u556670,,,,0.6666666666666666,,0.6666666666666666,,,0.0,1.0,,,,,,,,,,
u556859,,,,1.0,0.0,,,,0.0,0.0,,,0.0,,,,1.0,,,
u557298,,,1.0,,,1.0,0.0,1.0,0.0,0.0,0.0,,0.6666666666666666,0.5,,1.0,0.6666666666666666,1.0,1.0,1.0
u557880,0.7640449438202247,0.847457627118644,0.7142857142857143,0.8695652173913043,0.8823529411764706,0.8518518518518519,0.7692307692307693,0.6666666666666666,0.7560975609756098,0.7894736842105263,0.8043478260869565,0.7391304347826086,0.9252336448598132,0.2307692307692307,0.7619047619047619,0.7755102040816326,0.8260869565217391,0.8387096774193549,0.7777777777777778,0.5909090909090909
u559553,,,1.0,,,0.0,,0.0,,,,,1.0,,,,,0.3333333333333333,,
u56009,,,,,,,,,,,,,1.0,,0.0,,,,,
u560243,,,,1.0,0.0,,,,0.0,,,,,,,,,1.0,0.0,
u560756,,,0.0,1.0,,0.3333333333333333,1.0,,0.5,,,,,,0.0,,0.0,,,0.5
u562059,,,1.0,,,0.0,1.0,0.0,0.5,,,,1.0,,0.0,0.5,0.0,,0.0,0.6666666666666666
u563199,,,,,1.0,,0.25,1.0,0.0,0.0,,,0.25,,,1.0,,1.0,0.5,0.6666666666666666
u563650,0.0,,,,,,,,,,,,,,,,,,,
u564347,,,,0.0,0.0,,1.0,,0.0,,,,,,,,0.0,,,
u564664,,,0.5,,,,,0.0,0.5,1.0,,,,,0.0,,,0.0,,0.0
u565408,,,,0.5,,1.0,0.0,,1.0,,,,0.0,1.0,,0.3333333333333333,1.0,1.0,1.0,
u565586,,,,0.0,,0.75,,,0.0,1.0,,,,,,,0.0,,,0.5
u567281,1.0,0.5,,,,,1.0,,,1.0,,,0.8571428571428571,,0.625,0.0,,0.5,,
u567669,,,,1.0,1.0,0.75,1.0,0.5,0.0,1.0,0.5,,,,,1.0,,,,1.0
u568731,0.0,,,,,,,,,,,,,,,,0.0,1.0,,
u568858,,,,,0.0,1.0,1.0,,1.0,,,,,0.0,1.0,,,,,
u569189,,,,,,0.0,,,,0.5,,,1.0,,,,1.0,1.0,1.0,
u569581,,,,,0.0,0.3333333333333333,,,0.0,,0.0,,,,,,,1.0,,
u571141,,,,,1.0,0.0,,,0.0,0.0,,,,,,,1.0,,1.0,
u573152,,,,,0.0,,1.0,,0.0,0.0,,,,,,,,0.0,,
u574367,,,,,,,1.0,1.0,0.5,1.0,,,,1.0,,,,,,0.5
u575764,,,0.0,0.6666666666666666,,,0.5,0.0,0.5,0.25,,,0.6,,1.0,,0.5,1.0,0.5,1.0
u576567,,,,,1.0,,,,1.0,1.0,,,,,,,,,,0.0
u576841,,,,,,0.0,,1.0,0.0,,,,,,1.0,1.0,,,,0.0
u576913,,,0.5,0.0,0.875,0.5714285714285714,1.0,0.8,0.375,0.5,0.6666666666666666,,0.5,1.0,0.8333333333333334,1.0,1.0,0.7142857142857143,0.8,0.8333333333333334
u576922,,,1.0,0.0,0.7142857142857143,1.0,,,0.25,0.0,,,,0.5,0.5,1.0,1.0,,1.0,0.6666666666666666
u577266,,,,,0.0,0.0,,,,,,,,,,0.0,,0.0,,
u578543,,,,1.0,,1.0,,,0.0,,,,,,0.0,,0.0,,,1.0
u578992,,,,0.0,,0.3333333333333333,,,0.0,,,,,0.0,,,,,,
u579437,,,,0.0,1.0,,,,0.0,,,,,,0.0,1.0,,,,1.0
u579745,,,,0.0,1.0,1.0,,,1.0,1.0,,,,,,1.0,1.0,,,
u581025,,,,,,0.0,1.0,,,0.0,,,,0.0,,,1.0,,1.0,
u58114,,,,,,,,,,,,,0.0,,1.0,,,1.0,,
u581850,0.0,,,,,,,,0.6666666666666666,1.0,,,,,,,,,,0.0
u583832,,,0.0,,1.0,0.5,,,,1.0,,,,,,,,,0.0,
u583910,,,0.5,1.0,,0.0,1.0,,,1.0,0.75,,1.0,0.6666666666666666,,0.6666666666666666,0.5,1.0,0.0,0.0
u58410,0.5,1.0,0.0,0.25,0.0,1.0,,0.0,0.3333333333333333,0.0,0.25,0.0,0.3333333333333333,0.0,0.5,,0.0,0.3333333333333333,,0.0
u584937,1.0,,,0.3333333333333333,0.5,0.6666666666666666,1.0,1.0,0.0,,0.0,,,0.6666666666666666,1.0,,,,,0.3333333333333333
u584967,0.5,1.0,0.3333333333333333,0.875,0.6,0.6666666666666666,0.6944444444444444,0.7894736842105263,0.9090909090909092,1.0,0.5333333333333333,,0.7333333333333333,0.1428571428571428,1.0,0.7272727272727273,0.5714285714285714,0.7894736842105263,0.8285714285714286,0.8
u585085,0.0,,0.0,0.5,,,0.0,0.0,0.3333333333333333,0.3333333333333333,,,0.0,0.0,0.0,,,,,0.5
u585390,0.6666666666666666,0.6,0.7333333333333333,0.5217391304347826,0.6363636363636364,0.6,0.4736842105263157,0.3181818181818182,0.5294117647058824,0.625,0.5555555555555556,,0.6129032258064516,0.6153846153846154,0.72,0.7333333333333333,0.4,0.8,0.5625,0.6226415094339622
u585665,,,,,1.0,1.0,,,,,,,1.0,,,,0.0,0.0,,
u586768,,,,1.0,0.0,0.3333333333333333,,,0.0,,0.0,,,,,,0.3333333333333333,,,1.0
u586818,,,,1.0,,,,,,,,,,0.0,,,1.0,,,
u587972,,,,,0.5,0.0,,,,1.0,,,,1.0,,,,,1.0,
u59004,0.5,1.0,1.0,1.0,0.0,1.0,1.0,0.5,0.5,0.0,0.25,1.0,0.3333333333333333,1.0,0.0,1.0,,1.0,1.0,0.5
u590331,0.0,,1.0,1.0,0.0,0.3333333333333333,,,1.0,,,,,,,,,,,0.5
u590649,0.0,,0.5,,0.0,0.3333333333333333,,1.0,0.0,,,,,1.0,,1.0,0.0,,0.0,0.6666666666666666
u591083,,,,,,1.0,1.0,,,,,,,,,,,,,
u591835,1.0,0.0,0.4,0.3333333333333333,0.6666666666666666,0.8571428571428571,1.0,1.0,0.6875,0.7272727272727273,,,1.0,0.5,0.5,,0.6,1.0,1.0,0.5
u592895,1.0,,1.0,0.5,,0.5,1.0,1.0,0.5,1.0,0.6666666666666666,,0.6666666666666666,0.5,1.0,0.5,0.6666666666666666,0.4285714285714285,0.5714285714285714,0.4
u593209,,,,,0.5,0.5,,,0.5,,,,1.0,,,,,,,
u593211,,,,,1.0,1.0,,,0.0,0.6666666666666666,,,,,,,1.0,,,
u594965,0.5,1.0,0.6666666666666666,0.5,0.5714285714285714,0.3846153846153846,0.4285714285714285,1.0,0.25,0.8,0.5555555555555556,0.0,0.6153846153846154,0.0,1.0,0.875,0.5714285714285714,0.6,0.5833333333333334,0.6666666666666666
u595359,1.0,,1.0,,0.8333333333333334,1.0,0.7,1.0,0.6428571428571429,0.8,1.0,,0.8571428571428571,0.0,0.8333333333333334,0.5714285714285714,0.6,0.7368421052631579,0.6363636363636364,0.6666666666666666
u595473,,,,0.0,,0.0,,,,,,,0.0,1.0,,1.0,1.0,1.0,,0.0
u595932,,,,,,,,,0.0,,0.0,,,,,,,0.3333333333333333,,1.0
u59687,0.7272727272727273,0.8235294117647058,0.6153846153846154,0.7647058823529411,0.6363636363636364,0.6428571428571429,0.8235294117647058,0.875,0.6071428571428571,0.7692307692307693,0.6956521739130435,0.8571428571428571,0.8289473684210527,0.6,0.75,0.8,0.75,0.8028169014084507,0.3846153846153846,0.7727272727272727
u596897,,,,,,,1.0,,,,,,,,,,0.0,,,
u597459,,,1.0,,,0.0,1.0,,,,1.0,,,,,0.0,,0.0,,0.0
u598114,,,,,,,,,,0.0,,,,,,,0.5,0.0,1.0,
u598163,,,,,0.0,0.0,1.0,,,,,,,1.0,,,,,,
u599600,,,0.0,,0.0,,0.0,,,,,,,0.0,,,,,1.0,1.0
u600613,1.0,,,0.0,,0.0,0.4166666666666667,0.625,0.5,,1.0,,0.5555555555555556,,1.0,0.875,,0.4705882352941176,0.2857142857142857,
u600655,,,,,,0.5,0.5,1.0,,,0.0,,0.0,,,,,,,
u601074,,,0.5,,0.0,,,1.0,0.3333333333333333,0.0,1.0,,0.5,0.0,,,,1.0,,0.0
u601704,,,,,,1.0,,,,1.0,,,,0.0,,,1.0,,,
u602218,,,,0.0,,0.0,1.0,,,0.0,1.0,,,,,,,0.0,1.0,
u603722,1.0,1.0,1.0,0.0,0.0,1.0,0.5,0.5,1.0,0.0,0.6666666666666666,,0.5,0.0,0.0,0.8,0.0,0.7777777777777778,0.6,1.0
u604416,,,0.75,0.5,1.0,0.0,0.3333333333333333,,0.5,0.0,,,0.7142857142857143,0.5,,0.5,0.125,0.5555555555555556,0.3,0.25
u606746,,1.0,,,0.0,0.0,0.0,,0.5,,,,,0.0,0.0,0.3333333333333333,1.0,,,0.5
u606833,1.0,0.0,0.6666666666666666,0.4166666666666667,0.5,0.7142857142857143,0.5666666666666667,0.65,0.4,0.5238095238095238,0.6,,0.7222222222222222,0.5714285714285714,0.8,0.6333333333333333,0.7142857142857143,0.8055555555555556,0.5526315789473685,0.6666666666666666
u607794,1.0,,1.0,,,0.0,,,,,1.0,,,,,,,,,1.0
u60811,0.5,1.0,1.0,0.5,0.5,1.0,,1.0,0.5,0.8,0.25,1.0,0.8571428571428571,1.0,1.0,,1.0,0.8888888888888888,1.0,1.0
u608696,,,0.0,,,0.5,,,,,,,0.0,,,,0.5,,,0.0
u608974,,,,,,,0.5,,0.0,1.0,,,,0.0,1.0,,,0.0,,0.0
u609538,,,,0.3333333333333333,0.0,,,0.5,0.0,1.0,,,0.0,0.0,,0.0,0.0,0.4,0.0,0.0
u609804,,,,,1.0,0.5,,,0.0,,,,,,,,0.5,,,
u611955,0.0,,0.5,1.0,0.5,1.0,,0.6666666666666666,0.5,1.0,1.0,,0.0,0.0,1.0,0.3333333333333333,0.0,0.0,0.5,0.6666666666666666
u612327,,,0.5,0.5,0.5714285714285714,0.6,0.3333333333333333,0.0,1.0,0.8333333333333334,0.0,,0.5,0.75,0.5,,1.0,0.5,0.0,0.4
u613461,,,,,,0.0,,,0.0,1.0,,,,,,,1.0,1.0,,
u615280,,,,,0.5,0.0,,,0.25,0.6666666666666666,,,,,,,0.6666666666666666,1.0,,1.0
u615478,,,,,,0.0,,0.0,0.0,,,,,,,,,,,
u615551,,0.0,1.0,1.0,1.0,0.6,0.0,,0.75,0.5,1.0,,0.7142857142857143,0.3333333333333333,1.0,1.0,1.0,0.6666666666666666,0.5,0.6666666666666666
u615685,,,,0.0,0.0,0.5,,1.0,1.0,0.0,0.0,,,,0.0,,0.5,0.0,0.0,0.6666666666666666
u61581,1.0,,0.0,,1.0,,,,0.0,0.0,0.3333333333333333,1.0,0.3333333333333333,,0.5,,,0.2,,0.5
u61637,0.5,1.0,0.0,0.0,0.0,1.0,,,0.0,0.0,0.25,0.0,0.0,0.0,0.0,,,0.2,,0.0
u617369,,,,,,1.0,,,0.5,,,,1.0,,,,1.0,1.0,,1.0
u617900,,,0.0,1.0,1.0,0.75,1.0,0.0,0.0,0.6666666666666666,0.0,,0.6,0.0,0.5,,0.0,,1.0,0.3333333333333333
u618115,,,,0.0,,,,,,,,,0.0,,0.0,,,0.0,0.0,
u620946,,,,1.0,1.0,0.5,,,0.5,,,,0.0,1.0,,,,,0.0,0.5
u621777,,,,,,1.0,,0.0,0.0,,,,1.0,,,1.0,,0.75,0.5,0.6666666666666666
u622828,,,,1.0,1.0,0.0,0.0,,1.0,,,,,,,1.0,0.5,0.5,1.0,0.5
u623177,0.0,,,,,,1.0,,,,,,,,,,,,,0.5
u624648,,,,,0.0,,,,,,,,,,,1.0,,,,
u627578,0.5384615384615384,1.0,0.8333333333333334,0.5652173913043478,0.6818181818181818,0.7058823529411765,0.5714285714285714,0.4285714285714285,0.75,0.7222222222222222,0.4545454545454545,,0.5925925925925926,0.7692307692307693,0.7368421052631579,0.8666666666666667,0.7241379310344828,0.5384615384615384,0.5555555555555556,0.71875
u627681,,,,,,0.0,,1.0,,,,,,,,,1.0,1.0,,
u628304,,,,0.0,,1.0,,,,,,,1.0,0.0,,,,,0.5,1.0
u628542,1.0,0.5,0.7741935483870968,0.68,0.6470588235294118,0.7619047619047619,0.7454545454545455,0.7021276595744681,0.632183908045977,0.6842105263157895,0.6666666666666666,0.5,0.782608695652174,0.6086956521739131,0.6666666666666666,0.8260869565217391,0.7714285714285715,0.7397260273972602,0.660377358490566,0.5686274509803921
u62925,0.3333333333333333,0.0,0.6,0.25,0.3333333333333333,0.2,0.5714285714285714,0.5,0.4444444444444444,0.4444444444444444,0.1666666666666666,0.0,0.4545454545454545,0.2,0.5,0.75,1.0,0.7333333333333333,0.3333333333333333,0.5
u629379,1.0,,,1.0,,0.0,,,,,,,,0.0,,,1.0,,0.0,0.5
u629532,,,,0.0,0.5,,0.0,0.0,,1.0,,,,,,,,1.0,0.0,
u630488,,,,,1.0,0.3333333333333333,,,0.0,1.0,,,,,,,1.0,,,1.0
u632016,,,,,,,,,0.3333333333333333,1.0,,,,,,,1.0,0.0,,
u633052,,,,0.0,,1.0,,1.0,0.0,,,,,,0.0,0.0,1.0,,,
u633958,,,,1.0,,,,,0.0,,,,,0.0,,1.0,,1.0,,0.0
u634253,,,0.0,,,1.0,,,,,0.0,,1.0,,,,0.0,0.0,1.0,
u635863,0.2613636363636363,0.359375,0.4426229508196721,0.3733333333333333,0.3278688524590163,0.2878787878787879,0.3880597014925373,0.32,0.380281690140845,0.4328358208955223,0.2621359223300971,0.1627906976744186,0.4143646408839779,0.52,0.3928571428571428,0.2903225806451613,0.4324324324324324,0.2847682119205298,0.3225806451612903,0.5
u636025,,,1.0,,,0.0,1.0,,0.5,1.0,,,,,,,,,0.0,
u63617,0.5,0.0,0.0,0.3333333333333333,0.0,0.5,1.0,,0.75,0.0,0.25,0.0,1.0,0.0,0.5,,0.5,0.2,,0.6666666666666666
u637199,,,,,1.0,,,,,,,,,,,,,,,
u63771,0.5,0.0,0.5,0.5,0.0,1.0,,,0.0,0.0,0.25,1.0,0.3333333333333333,1.0,0.0,,,0.4,,0.5
u638633,,,,,,0.0,,,,0.0,,,,,,,,,,
u638932,,,,,,,,,,,,,,,,0.0,,,,
u639740,,,,,,1.0,,1.0,0.5,,0.0,,1.0,,0.0,0.6666666666666666,,0.6,0.5,0.0
u639777,,,,,,0.0,,,,0.5,,,,,,0.0,1.0,,,
u64067,0.5,0.0,0.5,0.0,0.0,0.0,,,0.0,0.0,0.25,1.0,0.3333333333333333,1.0,1.0,,,0.2,,0.0
u643967,,,,,,,,,0.5,,,,,,,,,,,0.0
u646190,,,,1.0,,,0.0,1.0,0.0,,,,1.0,,,0.0,,,,
u64642,1.0,,,,,,,,,,0.0,,0.6666666666666666,,0.5,,,0.6,,
u647356,0.0,,1.0,,,0.0,,,,1.0,,,,,,,0.0,,,0.0
u647789,,,,,1.0,,,,1.0,,,,1.0,,,,,,0.0,
u648584,,,1.0,1.0,1.0,,,,0.0,,,,,,,,,1.0,1.0,0.0
u649612,,1.0,,,,,,0.0,,,,,0.0,,,1.0,,,0.0,
u650154,0.0,,,,0.0,0.0,,,,,,,,,,,,0.0,,
u651543,,,,,1.0,0.25,,1.0,1.0,1.0,,,0.0,,0.0,0.5,0.0,0.5,0.0,0.5
u651570,,,,,0.0,0.0,,,,,,,0.0,,,,0.0,0.5,,
u651882,0.0,,0.0,,0.0,0.5,,,1.0,,,,,,0.0,1.0,,,,
u652072,,,,,0.5,0.0,1.0,,,,,,,,,,,1.0,,
u652096,,,,,,1.0,,,,,,,,,,,,,,
u652742,,,1.0,0.5,,0.5,1.0,,1.0,0.75,,,0.6666666666666666,1.0,0.5,0.0,0.5,0.0,1.0,0.6666666666666666
u653376,,,0.0,,,0.0,0.5,,0.0,1.0,1.0,,0.5,1.0,,,0.5,0.5,1.0,
u653382,,,,,0.0,,0.0,0.0,0.0,,,,,,,,,,,0.0
u653665,0.6666666666666666,0.875,0.8,0.5833333333333334,0.5555555555555556,0.6086956521739131,0.75,0.8181818181818182,0.3076923076923077,0.875,1.0,,0.7560975609756098,0.7272727272727273,0.5,0.5833333333333334,0.75,0.6875,0.6666666666666666,0.6666666666666666
u653855,,,,,,0.0,,,,,,,,,,,,,,
u654187,,,,0.0,,0.5,,1.0,,,,,,1.0,,,,,,
u655239,,,0.0,,,0.3333333333333333,,,,,,,,,,,0.0,0.5,,0.0
u655811,,,,,,,,,,,,,,,,,0.0,,,
u656140,,,,,0.0,1.0,,,,0.0,,,0.0,,,,,,,
u656788,,0.0,,,0.0,,,0.0,,1.0,,,,,,,0.0,,0.0,
u656881,,,,,,,,,,,,,,,,,,1.0,,0.0
u6572,0.7777777777777778,1.0,0.6666666666666666,0.3333333333333333,0.5,0.6666666666666666,0.4285714285714285,0.4,0.6666666666666666,0.6666666666666666,0.75,0.5,0.6222222222222222,,0.6818181818181818,0.2727272727272727,0.0,0.2222222222222222,0.2222222222222222,1.0
u657475,,,,,,,,,0.0,,,,,,,0.0,,,,
u657880,,,,1.0,,,,,,,,,,,,,,,,
u657892,,,,,,1.0,,,0.0,,,,1.0,0.0,,,1.0,0.0,,
u659756,,,,,0.5,0.0,0.0,1.0,0.0,,,,0.0,,,,,,,
u659761,,,1.0,,0.0,0.0,0.0,,0.5,0.0,,,0.0,,,,,0.5,,
u660072,,,,,,,,,,,,,,,,0.0,,,,
u661303,,,,,,0.0,,,0.0,,,,,,,,0.0,,,1.0
u663120,,,1.0,0.0,,0.0,,,,1.0,,,1.0,,,,,,,
u663482,,,,,1.0,0.3333333333333333,1.0,,,0.0,,,,,,,0.0,0.0,,0.0
u663885,,,,0.0,0.0,0.3333333333333333,,,0.0,0.25,,,,0.0,,,0.6666666666666666,,,1.0
u665117,,,,,,0.0,0.0,0.0,1.0,,,,,,,,,,,0.0
u665442,,,,,,0.0,,,0.1666666666666666,0.5,,,,,,,,,,
u665742,,,,,1.0,0.5,,,1.0,0.0,,,,,,,,,,0.0
u66714,0.5,0.0,0.0,0.5,0.0,0.0,,,0.0,1.0,0.0,1.0,0.3333333333333333,0.0,0.5,,1.0,0.0,,0.0
u667876,,,,0.0,1.0,1.0,,1.0,,,,,,0.0,,0.0,,1.0,,
u669014,,,1.0,,,1.0,,,,0.0,,,,0.0,,,,0.0,,0.0
u669241,,,,,1.0,1.0,1.0,,0.0,,,,,0.0,,,,0.0,,
u671047,,,,1.0,,0.0,0.5,,,,,,,,,,,0.0,,
u672337,,,,,0.0,,0.0,,0.0,0.5,,,,,,,,,,
u673793,,,0.0,,,1.0,,0.0,,1.0,,,,,,,,,0.0,
u675138,,,,,,0.5,,,1.0,,,,,,0.0,,,,,0.0
u675291,0.0,,,,0.0,0.3333333333333333,,,0.0,,,,,,,,,,,1.0
u675358,,,,,1.0,0.0,,,,,,,,,,,,,,
u676058,,,,,,0.0,,,,,,,,,,,,1.0,,
u676900,,,,,,1.0,0.5,,,1.0,,,,,,,1.0,,,
u677772,,,,,0.0,0.5,,,0.5,,,,,,,0.0,,,,0.0
u677945,,,1.0,0.0,0.5,0.3333333333333333,,1.0,0.0,,,,0.0,,,,0.0,1.0,0.5,0.3333333333333333
u678186,,,1.0,,0.0,1.0,,,0.5,0.0,,,1.0,1.0,,1.0,1.0,,,0.0
u68016,1.0,,,,,,,,,,1.0,,0.6666666666666666,,0.5,,,0.8,,
u680656,,,,1.0,0.5,,1.0,,1.0,,0.0,,0.6666666666666666,,,1.0,0.0,1.0,0.5,
u681116,0.5,0.3076923076923077,0.3333333333333333,0.0,0.5,0.1666666666666666,0.0,0.0,0.3333333333333333,0.2,0.1111111111111111,0.25,0.4166666666666667,1.0,0.0,0.0,0.5,0.375,0.25,0.5
u681223,,,,,,1.0,,,,,,,,,,1.0,,,,
u681411,,,,0.0,1.0,,,,0.0,,,,,,,,0.0,0.0,,
u681426,,,1.0,,,0.5,,0.0,,1.0,,,,,,,1.0,0.0,,
u68200,0.6666666666666666,0.5217391304347826,0.3333333333333333,0.3333333333333333,0.5,0.5714285714285714,0.6956521739130435,0.7142857142857143,0.4666666666666667,0.8,0.4583333333333333,0.7419354838709677,0.8315789473684211,0.2857142857142857,0.6666666666666666,0.5151515151515151,0.5,0.6779661016949152,0.8666666666666667,0.375
u683701,0.5714285714285714,0.6153846153846154,,0.5,0.4,0.5555555555555556,1.0,1.0,0.5714285714285714,0.75,0.5,1.0,0.7647058823529411,0.75,0.4285714285714285,1.0,0.75,0.8,1.0,0.5
u684731,,,,,,0.0,1.0,,,,,,0.0,,,,,,,1.0
u68485,0.5,1.0,0.0,1.0,0.0,0.3333333333333333,,1.0,0.5,0.5,0.5,1.0,0.3333333333333333,0.5,0.5,,0.5,0.2,,0.5
u685238,,,,,,,,,,1.0,,,,,,0.0,,,,1.0
u686315,,,,,0.0,1.0,1.0,,,,,,,0.0,,0.0,,,,0.0
u68832,0.5,0.0,0.0,0.0,0.0,0.0,,,0.0,0.0,0.0,0.5,0.5714285714285714,0.0,0.0,,,0.4,,0.0
u690503,,,0.5,,0.6666666666666666,0.6666666666666666,1.0,1.0,0.6,,1.0,,1.0,,0.0,0.8333333333333334,0.6666666666666666,1.0,1.0,0.5
u690951,,,,,,0.0,0.0,,1.0,,,,0.0,,,0.0,0.0,0.0,,0.0
u693696,,,,,1.0,0.3333333333333333,,,0.0,,,,,,0.0,,,1.0,0.0,0.0
u696223,,,,,,0.5,,,0.5,1.0,,,,,,,,,,
u696339,,,,,,0.6666666666666666,0.0,,0.0,1.0,,,,,,,,,,
u696533,1.0,,,,1.0,0.0,0.0,1.0,0.0,,,,,,,,0.0,,0.0,0.0
u696565,0.0,,,,,1.0,,,0.0,1.0,,,,,,,1.0,1.0,,
u697224,1.0,1.0,1.0,1.0,1.0,0.25,0.75,1.0,1.0,0.0,0.0,,1.0,,,1.0,0.5,,1.0,0.0
u698244,1.0,,0.25,0.0,1.0,1.0,0.5714285714285714,0.6,0.5,0.6666666666666666,,,0.5714285714285714,,1.0,1.0,1.0,0.8181818181818182,0.8,1.0
u700621,,,,,1.0,0.5,,,0.5,1.0,,,,1.0,,,,,0.0,
u701490,,,,,1.0,,,0.0,0.5,,,,1.0,0.0,,,0.5,0.0,,0.0
u702093,,,1.0,1.0,,0.5,,,,,,,,,,0.0,,,,0.0
u702821,1.0,,,,1.0,0.0,,,,0.0,,,,0.0,,,,,,1.0
u703231,,,,,,,,0.0,,1.0,,,1.0,,0.0,,,,,0.0
u703233,,,,,,,0.3333333333333333,1.0,,,,,1.0,,,1.0,,0.8,0.6666666666666666,
u704486,,,0.0,,0.0,0.0,,,0.0,0.0,,,,,,0.0,,,,
u70559,0.5,1.0,1.0,1.0,0.0,0.0,,,1.0,1.0,0.5,1.0,0.6666666666666666,0.0,0.5,,,0.6,,0.5
u706878,,,,,1.0,1.0,,,,,,,1.0,,,,,,,0.5
u70713,0.5,1.0,0.0,0.0,0.0,0.0,1.0,0.5,0.25,0.5,0.0,0.0,0.5,0.5,0.0,,,0.6,,0.3333333333333333
u707354,,1.0,,,1.0,0.3333333333333333,,,,,,,,,,,0.0,,,
u70754,0.5,0.0,0.0,0.5,0.0,1.0,,,0.0,0.0,0.0,0.0,0.3333333333333333,1.0,0.5,,,0.2,,0.5
u70840,,,,,,,,,,,,,0.0,,0.5,,,1.0,,
u708793,,,,,,0.0,,0.0,,1.0,1.0,,,,,,,,,0.5
u709835,,,,0.0,0.0,0.6666666666666666,,1.0,0.6666666666666666,1.0,,,1.0,,,1.0,0.0,0.0,,0.0
u70991,0.5384615384615384,0.5714285714285714,0.5555555555555556,0.4444444444444444,0.3333333333333333,0.5,0.4,0.5,0.6666666666666666,0.6666666666666666,0.4285714285714285,1.0,0.4565217391304347,0.6,0.375,0.5,0.6,0.6111111111111112,0.5,0.5
u711768,,,,,,1.0,1.0,,0.0,1.0,,,0.0,,,,0.0,,,1.0
u713038,,,,,,,0.5,0.0,,,,,1.0,,,,,,1.0,
u713588,,,,0.0,1.0,0.0,,,0.0,,,,,,0.0,,0.0,,,
u714223,,,,,,0.5,,,0.0,0.0,,,,,1.0,,0.0,,,0.0
u714934,,,,,,,,,,,,,,,,,0.0,,,
u715182,0.7368421052631579,0.7333333333333333,0.6363636363636364,0.6666666666666666,0.3,0.8,0.75,0.3333333333333333,0.25,0.5,0.8333333333333334,1.0,0.8333333333333334,0.6666666666666666,0.5,0.875,0.5,0.8095238095238095,0.5,0.6666666666666666
u715731,,,,,,0.0,,,0.0,,,,,,1.0,,,,,
u716759,,,,,1.0,0.0,,,,,,,,,,,,,,
u716971,,,,,1.0,0.5,,,0.0,,0.0,,,,,,0.0,,,0.0
u717179,1.0,0.0,,,0.0,1.0,,,,0.0,,,,,,,,0.0,,
u718785,,,,1.0,,1.0,,,0.6666666666666666,0.5,,,,,1.0,,,,1.0,1.0
u719410,,,0.0,,,0.0,,1.0,,,,,,,1.0,,,,,0.0
u720611,0.7428571428571429,0.75,0.6153846153846154,0.8461538461538461,0.7777777777777778,0.7857142857142857,0.5384615384615384,0.6,0.7272727272727273,0.7142857142857143,0.8,0.9285714285714286,0.7777777777777778,0.7333333333333333,0.6666666666666666,0.7894736842105263,0.8260869565217391,0.8604651162790697,0.625,0.71875
u72220,0.3333333333333333,0.0,0.6,0.7272727272727273,0.5714285714285714,0.3636363636363636,0.7142857142857143,0.625,0.4285714285714285,0.8,0.4,0.0,0.4210526315789473,0.8,0.25,0.7,0.75,0.6216216216216216,0.6153846153846154,0.625
u72305,,,,,,,,,,,,,1.0,,0.0,,,,,
u72334,,,,0.0,,,,,,0.0,,,,,,,0.0,1.0,,
u723623,1.0,,,0.0,,1.0,,,0.0,0.5,0.0,,,,,,,,,
u724747,,,0.0,,,1.0,,0.0,,,,,,,1.0,,0.0,,,
u725311,,,,1.0,0.0,0.3333333333333333,1.0,0.0,1.0,,,,,,0.0,,,,,1.0
u726440,1.0,1.0,0.6666666666666666,0.4444444444444444,0.5,0.25,0.6,0.7,0.6153846153846154,0.4615384615384615,0.8,,0.5333333333333333,1.0,0.0,0.5,0.5833333333333334,0.5652173913043478,0.6,0.5
u726801,,,,,0.0,1.0,1.0,,0.0,,0.0,,0.0,1.0,,0.3333333333333333,0.0,0.3333333333333333,0.5,
u727305,1.0,,,0.0,,0.0,,,,,,,,,0.0,,0.0,,,0.3333333333333333
u727333,,,1.0,0.0,0.0,0.75,1.0,0.5,0.3333333333333333,,,,0.6,1.0,,,1.0,0.5,1.0,0.6666666666666666
u727490,1.0,,,,,0.0,,,0.0,0.0,,,,,1.0,,0.0,,,
u728134,0.0,,,,,0.0,,,1.0,,,,,,,0.0,,,,0.5
u728190,,0.0,,,1.0,,,0.0,,,,,0.0,,,,0.0,,,0.0
u729286,,,1.0,,,,,,1.0,,,,,,1.0,1.0,,,,
u729587,,,,,0.5,0.75,,1.0,0.5,0.0,,,,,0.5,,0.0,,,
u730313,,,1.0,,1.0,1.0,,,0.5,,,,1.0,1.0,,,1.0,,,0.0
u731218,,,,,,0.75,,,,0.0,,,,,,,0.5,,,0.0
u73305,0.0,1.0,0.0,0.5,0.5,0.0,1.0,1.0,0.0,0.0,0.4,1.0,0.3333333333333333,0.0,0.5,1.0,,0.2857142857142857,1.0,0.5
u733138,,,,,1.0,1.0,,,1.0,,,,,,,1.0,,,,1.0
u735050,,,,,0.5,0.0,0.0,,0.0,,,,0.0,,,,,0.0,,
u735325,0.0,,,,1.0,1.0,,,0.0,,,,,,1.0,,,,,0.3333333333333333
u736649,0.0,,,,1.0,,,,1.0,,,,1.0,,,,,,,1.0
u737086,,,,,0.0,1.0,,,1.0,1.0,,,,,1.0,,,,,0.0
u737289,0.0,,,1.0,0.0,0.3333333333333333,,,0.3333333333333333,0.0,0.3333333333333333,,0.5,1.0,1.0,,,0.0,,0.4
u738205,,,,,0.5,,,,0.0,,,,,,,,,,,0.0
u739706,,,0.5,,,0.5,0.5,0.0,0.0,0.3333333333333333,,,1.0,,,,1.0,0.0,,
u73976,0.0,1.0,0.5,0.6666666666666666,0.5,0.0,0.75,1.0,0.3333333333333333,1.0,0.25,0.0,0.5,0.0,0.3333333333333333,1.0,0.6666666666666666,0.625,1.0,0.6666666666666666
u740762,,,0.0,0.5,0.0,0.0,0.5,0.6666666666666666,,0.5,0.0,,1.0,0.0,1.0,1.0,0.6666666666666666,0.5,,0.0
u741120,,,,1.0,,0.0,,,,,,,,1.0,,,,,,1.0
u741382,,,,,,1.0,,,,1.0,,,,,,,,0.0,,
u741506,,,,,,,1.0,,0.5,,,,0.0,,,,,1.0,,1.0
u74375,0.0,0.0,0.0,0.0,0.0,1.0,,,0.5,1.0,0.25,0.0,0.3333333333333333,0.0,0.0,,,0.4,,0.0
u74467,1.0,0.0,0.0,0.0,1.0,0.0,,,0.5,0.0,0.25,0.0,1.0,0.0,1.0,,,0.4,,0.5
u746088,,,1.0,,,,,,,,,,,,,,0.0,,,
u746761,,,,,,0.5,,,1.0,0.0,,,,,,,0.0,0.0,,1.0
u747161,,,1.0,0.0,1.0,0.6666666666666666,,,,,0.0,,,,1.0,,1.0,,,
u747165,,,,0.5,1.0,,,,,0.0,,,,0.0,,,0.0,,,0.0
u748747,,,,1.0,,,,,,,,,,,,0.5,0.0,,,
u749762,0.6875,0.5238095238095238,0.6376811594202898,0.6320754716981132,0.6363636363636364,0.6103896103896104,0.6379310344827587,0.6976744186046512,0.6615384615384615,0.6144578313253012,0.7297297297297297,,0.65,0.6666666666666666,0.5681818181818182,0.7857142857142857,0.6222222222222222,0.691358024691358,0.7391304347826086,0.6018518518518519
u750014,0.75,0.6190476190476191,0.6666666666666666,0.7,0.0,0.6,0.5714285714285714,0.0,0.1666666666666666,0.5,0.6923076923076923,0.6666666666666666,0.55,0.6666666666666666,0.4285714285714285,0.5,1.0,0.5882352941176471,1.0,0.0
u751194,0.5396825396825397,0.5370370370370371,0.7631578947368421,0.4680851063829787,0.625,0.4578313253012048,0.6714285714285714,0.6,0.5789473684210527,0.6944444444444444,0.4918032786885246,0.6833333333333333,0.7468354430379747,0.4444444444444444,0.6153846153846154,0.6666666666666666,0.5957446808510638,0.6035502958579881,0.5925925925925926,0.4807692307692308
u751363,,,,,1.0,,,,0.0,0.5,1.0,,,0.0,0.0,,,,,
u751387,,0.3333333333333333,0.6666666666666666,0.1666666666666666,0.5,0.8333333333333334,0.6666666666666666,1.0,0.6,0.7142857142857143,0.3333333333333333,,0.7142857142857143,0.25,0.3333333333333333,,0.8888888888888888,,0.6,0.75
u751692,,,,0.0,0.0,0.0,,,1.0,,,,,,,,1.0,,0.0,0.5
u751747,,,0.0,,0.0,1.0,,0.5,,,,,1.0,,,,,,,
u755298,,,,,,0.25,0.0,,,,,,0.0,,,,,,,
u755615,,,,1.0,,0.0,,,,,,,,,,,,1.0,,
u756029,,,1.0,,0.0,1.0,,1.0,0.0,,,,,,,,,,,0.0
u757457,,,,,0.5,0.0,,,0.0,1.0,,,,0.0,,,,1.0,1.0,1.0
u757951,,,1.0,,,0.0,,,0.6666666666666666,,,,,,,,,,,1.0
u75852,0.0,0.0,0.0,0.0,1.0,1.0,,,0.5,1.0,0.25,0.0,0.3333333333333333,1.0,1.0,,,0.0,,0.5
u761057,,,,,0.0,,1.0,1.0,0.0,,,,0.0,,,,0.0,,,0.0
u76375,1.0,1.0,0.5,1.0,1.0,1.0,,,1.0,1.0,0.5,1.0,1.0,1.0,0.5,,,1.0,,0.5
u764108,,,,,0.0,0.3333333333333333,,,0.0,,,,,0.0,,0.0,,,,
u764281,,,1.0,1.0,0.0,1.0,,1.0,1.0,,1.0,,,0.0,,,1.0,,1.0,1.0
u76621,0.6974789915966386,0.7786259541984732,0.75,0.8245614035087719,0.7317073170731707,0.7168141592920354,0.7931034482758621,0.9130434782608696,0.8,0.7254901960784313,0.7604166666666666,0.59375,0.7961783439490446,0.6666666666666666,0.75,0.7906976744186046,0.72,0.8115942028985508,0.7441860465116279,0.6984126984126984
u767411,,,,,0.0,0.0,,,,0.5,,,,,,,,,,
u777009,,1.0,,1.0,,,0.5,,0.0,,,,,,,,1.0,,,1.0
u78841,1.0,1.0,0.3333333333333333,0.0,0.5,0.5,0.0,0.0,0.2,0.5,0.25,1.0,0.3333333333333333,0.0,0.6666666666666666,,,0.6,,0.5
u788577,,,,,,0.0,0.0,,,0.0,,,,,,0.0,0.5,,,0.3333333333333333
u788655,0.4545454545454545,0.0,0.0,0.0,,0.5,0.3076923076923077,0.5454545454545454,0.0,0.0,0.4545454545454545,1.0,0.5945945945945946,,0.5555555555555556,0.5714285714285714,1.0,0.6111111111111112,0.5,0.0
u790078,1.0,,,,0.5,,,,0.0,,,,,,,,,0.0,,0.5
u792923,0.6666666666666666,0.5,1.0,,0.3333333333333333,0.6,0.6666666666666666,0.6666666666666666,0.7777777777777778,1.0,0.9090909090909092,,0.8333333333333334,0.5,0.6666666666666666,0.7142857142857143,1.0,0.7916666666666666,0.6666666666666666,0.375
u793087,,,1.0,0.0,,1.0,,,1.0,,,,,1.0,,,1.0,,,1.0
u79381,,,,,,,,,,,,,1.0,,1.0,,,1.0,,
u793826,,,,,1.0,,,,0.5,1.0,,,0.0,,0.0,,,,,
u794477,1.0,,0.0,1.0,,0.4285714285714285,0.5,,0.4,1.0,,,1.0,0.0,,1.0,0.0,,0.0,0.5
u794875,0.0,,,0.0,0.0,0.0,,,0.0,,,,,1.0,0.0,,0.0,,,
u796527,,,0.0,,0.0,1.0,,,1.0,,,,,0.0,1.0,,,,,1.0
u796794,,,,,0.0,1.0,,,,,,,,,,,,0.0,,
u797494,,,,0.5,0.0,,,,0.5,,,,,,0.0,,0.0,,,
u799006,0.75,,0.6,0.2,0.8,0.625,1.0,1.0,0.6,0.6,0.75,0.5,1.0,1.0,0.6666666666666666,0.5,1.0,0.5,1.0,0.8
u801160,,,,,,1.0,,,0.5,,,,,,1.0,,,,,1.0
u801599,,,0.0,,,,,,,,,,,,,,,,,
u801722,0.0,,,0.0,,0.0,,0.0,0.0,0.0,,,,,,,,,,
u802347,,,,,,1.0,,,0.0,,,,0.0,0.0,0.0,,0.6666666666666666,,,
u802405,,,,,1.0,,,1.0,0.0,1.0,,,,1.0,,,1.0,,,1.0
u80263,0.0,,,,,,,,,,0.5,,0.3333333333333333,,0.5,,,0.4,,
u803646,0.7841726618705036,0.673469387755102,0.7894736842105263,0.7558139534883721,0.6615384615384615,0.6821705426356589,0.7575757575757576,0.6716417910447762,0.7475728155339806,0.6966292134831461,0.6777777777777778,0.7288135593220338,0.7654320987654321,0.6829268292682927,0.7086614173228346,0.6475409836065574,0.6846846846846847,0.6837209302325581,0.6931818181818182,0.7148148148148148
u805677,0.0,,,1.0,,1.0,,,0.0,,,,0.0,1.0,,0.0,,,,1.0
u805917,1.0,0.0,,1.0,1.0,1.0,0.0,0.0,0.6666666666666666,0.6,1.0,,0.4210526315789473,1.0,0.6666666666666666,0.6,0.0,0.4285714285714285,0.3333333333333333,0.6
u81010,0.5,0.0,0.0,0.0,1.0,0.0,,,0.0,0.0,0.0,0.0,0.6666666666666666,0.0,0.5,,,0.4,,0.0
u810859,1.0,,0.0,,0.0,0.0,,,1.0,,,,1.0,1.0,,1.0,,0.5,0.0,
u811366,,,,0.0,,1.0,,,0.0,,,,,0.0,1.0,,,,,
u811409,,,,,1.0,0.0,,,0.0,,,,0.0,,,,,,,0.0
u811455,0.6744186046511628,0.6727272727272727,0.5384615384615384,0.5833333333333334,0.4411764705882353,0.7017543859649122,0.5492957746478874,0.7674418604651163,0.6111111111111112,0.71875,0.6181818181818182,1.0,0.6751054852320675,0.5517241379310345,0.6153846153846154,0.6621621621621622,0.5526315789473685,0.7164179104477612,0.65,0.6883116883116883
u811580,1.0,,,,1.0,,1.0,0.6666666666666666,0.0,,,,1.0,0.0,0.75,1.0,,1.0,,1.0
u811832,1.0,,,,0.0,,,,1.0,,,,1.0,1.0,,,,,,
u812985,,,,,1.0,0.0,,1.0,0.5,,,,,0.5,,,,,,
u813126,,,,0.0,0.0,,,,0.5,0.0,,,,,1.0,,,,,
u813931,,,1.0,,,1.0,,,1.0,,,,,0.6666666666666666,1.0,,,,,1.0
u814412,,,1.0,1.0,1.0,,0.0,,0.5,,0.0,,0.6666666666666666,,0.0,0.5,0.5,0.5,1.0,0.3333333333333333
u817669,,,,,,1.0,,1.0,0.0,,,,,0.4285714285714285,,,,,,1.0
u817961,,,,,,0.0,,,0.5,,,,,,0.0,,0.0,,,0.0
u818575,,0.0,,,,,,,0.3333333333333333,,,,1.0,0.0,,,,,,
u819081,,,0.6666666666666666,1.0,,0.5,0.3333333333333333,0.6666666666666666,0.8,1.0,0.25,,0.3333333333333333,,0.4,1.0,0.3333333333333333,0.9565217391304348,0.4444444444444444,
u819746,,,,0.0,,0.0,,,,,,,,0.0,0.0,,0.0,,,0.5
u822906,,,,0.0,0.0,,,,0.6666666666666666,,,,,,0.0,,0.0,,,
u824802,,0.0,,0.5,,0.0,,,0.5,,,,,,,,,1.0,,
u826536,,,,,1.0,0.25,,,0.0,0.2,,,,1.0,,0.0,,,,
u828765,0.5588235294117647,0.6,0.6538461538461539,0.875,0.1111111111111111,0.675,0.5,0.7777777777777778,0.4444444444444444,0.5,0.6666666666666666,,0.5652173913043478,1.0,0.1538461538461538,0.2727272727272727,0.0,0.6875,1.0,0.5555555555555556
u829964,,,,,,,,,,0.3333333333333333,,,,,0.5,0.0,,,0.0,
u831551,,,,,,0.0,,,0.2,,,,,0.6666666666666666,1.0,,0.0,,,
u836303,,,,,,0.5,,,0.0,0.0,,,1.0,1.0,1.0,,,,,0.0
u836900,,,,,,0.0,,,0.0,,,,,0.0,,,,,,
u8375,1.0,1.0,0.6666666666666666,1.0,0.5,0.8571428571428571,0.5,1.0,0.5384615384615384,0.8,1.0,,0.5,0.6666666666666666,0.5,,0.875,1.0,1.0,0.875
u837521,,,0.0,1.0,1.0,1.0,0.0,,0.5,0.0,1.0,,1.0,,,0.0,1.0,,0.5,0.3333333333333333
u837901,,,,,0.0,0.0,,,,,,,,,,,,,,
u837956,,,,,,0.0,,,1.0,,,,,0.0,,,0.0,,1.0,1.0
u839344,,,,,,1.0,,,0.5,1.0,,,,0.6666666666666666,,,,,,
u839442,,,,1.0,,0.0,,,0.5,,,,,,1.0,,,,,1.0
u8421,0.7299741602067183,0.7426160337552743,0.7202797202797203,0.7872340425531915,0.6818181818181818,0.675,0.66,0.4848484848484848,0.6805555555555556,0.6808510638297872,0.71900826446281,0.7679324894514767,0.7826887661141805,0.6571428571428571,0.6928104575163399,0.7652582159624414,0.4583333333333333,0.7206477732793523,0.5737704918032787,0.6851851851851852
u84795,1.0,0.0,0.0,0.5,1.0,0.0,,,0.0,0.0,0.0,0.0,0.0,1.0,0.0,,,0.4,,0.0
u85109,0.7671232876712328,0.7466666666666667,0.7090909090909091,0.7115384615384616,0.6585365853658537,0.76,0.7733333333333333,0.6140350877192983,0.627906976744186,0.8461538461538461,0.6081081081081081,0.9117647058823528,0.8372093023255814,0.52,0.7088607594936709,0.6865671641791045,0.75,0.795774647887324,0.671875,0.6666666666666666
u85445,0.8571428571428571,0.6666666666666666,1.0,1.0,0.0,1.0,,1.0,0.5,1.0,0.25,1.0,0.625,0.0,0.0,1.0,,0.7777777777777778,0.8571428571428571,0.5
u86500,1.0,0.0,0.5,0.5,0.0,0.0,1.0,1.0,0.5,0.0,0.4,0.0,0.4,0.0,0.5,1.0,,0.2,1.0,0.0
u87766,1.0,1.0,0.5,0.0,0.0,0.0,,,0.0,0.0,0.0,0.0,0.3333333333333333,0.0,0.5,,,0.2,,0.0
u88512,1.0,1.0,0.5,1.0,0.0,1.0,,,0.5,0.0,0.25,0.0,0.6666666666666666,0.0,1.0,,,0.6,,0.5
u90613,1.0,1.0,0.6666666666666666,0.6666666666666666,0.6666666666666666,1.0,,,0.6666666666666666,0.0,0.25,0.0,0.4,0.5,0.5,,1.0,0.5,,0.5
u90636,0.5,0.0,0.0,0.5,0.0,1.0,,,0.0,0.0,0.25,0.0,0.3333333333333333,0.0,0.5,,,0.4,,0.0
u92543,0.7272727272727273,0.75,0.5714285714285714,0.6666666666666666,0.4285714285714285,0.8,0.0,0.0,0.4285714285714285,0.0,0.5294117647058824,0.75,0.6923076923076923,0.5,0.4736842105263157,0.8,1.0,0.5555555555555556,0.4,1.0
u92696,0.5833333333333334,0.8571428571428571,0.6129032258064516,0.6086956521739131,0.631578947368421,0.72,0.7222222222222222,0.8181818181818182,0.5818181818181818,0.4848484848484848,0.5454545454545454,0.6666666666666666,0.66,0.5294117647058824,0.7222222222222222,0.625,0.75,0.7083333333333334,0.8461538461538461,0.6538461538461539
u92698,1.0,1.0,1.0,1.0,0.5,1.0,1.0,1.0,0.5,0.6666666666666666,1.0,1.0,1.0,0.5,0.25,,,1.0,,0.75
u93144,0.5,,1.0,,1.0,,,,0.0,0.0,0.0,1.0,0.3333333333333333,,0.5,,,0.0,,0.5
u9349,1.0,,,,0.0,,,0.0,1.0,1.0,0.0,,0.5,,,1.0,,0.5,,0.0
u9404,0.5664335664335665,0.587360594795539,0.5214007782101168,0.4858490566037736,0.4541284403669725,0.5095541401273885,0.5050505050505051,0.5113636363636364,0.4957507082152974,0.5251141552511416,0.6277915632754343,0.4375,0.7417218543046358,0.4720496894409938,0.592,0.575,0.4386617100371747,0.6272189349112426,0.5050505050505051,0.504950495049505
u94279,1.0,0.5,1.0,1.0,0.0,0.75,0.6,0.3333333333333333,0.625,0.5,0.5714285714285714,1.0,0.6363636363636364,0.6666666666666666,0.6666666666666666,0.75,0.6666666666666666,0.5,0.5,0.3333333333333333
u95184,0.7368421052631579,1.0,0.6296296296296297,0.8095238095238095,0.6129032258064516,0.6666666666666666,0.6666666666666666,0.75,0.5660377358490566,0.5714285714285714,0.6190476190476191,1.0,0.7105263157894737,0.5,0.6956521739130435,0.7222222222222222,0.6666666666666666,0.7352941176470589,0.5555555555555556,0.5945945945945946
u95849,1.0,0.0,0.1666666666666666,0.4285714285714285,0.375,0.5,0.75,0.6666666666666666,0.2941176470588235,0.625,0.5714285714285714,0.0,0.5789473684210527,0.3333333333333333,0.1666666666666666,0.5,0.125,0.6153846153846154,0.4166666666666667,0.6
u96165,,,,,,,,,,,,,0.0,,0.0,,,,,
u96347,0.0,0.0,0.0,0.5,0.0,0.0,,,0.0,0.0,0.0,1.0,0.3333333333333333,0.0,0.5,,,0.2,,0.0
u96577,,,,,,,,,,,,,1.0,,0.5,,,0.0,,
u97530,0.6454545454545455,0.6666666666666666,0.6153846153846154,0.5416666666666666,0.8363636363636363,0.6538461538461539,0.717948717948718,0.7741935483870968,0.6082474226804123,0.5892857142857143,0.6410256410256411,0.6627906976744186,0.7458100558659218,0.5757575757575758,0.7028571428571428,0.7183908045977011,0.59375,0.6755952380952381,0.7894736842105263,0.7142857142857143
u97670,0.3333333333333333,0.7419354838709677,0.75,0.75,0.75,0.8181818181818182,0.5,1.0,0.8888888888888888,0.7777777777777778,0.7,1.0,0.4,0.6,0.8,1.0,1.0,0.375,1.0,0.8181818181818182
u97798,1.0,1.0,0.75,1.0,0.0,1.0,0.6666666666666666,1.0,0.3333333333333333,1.0,0.6,1.0,0.8,0.0,0.3333333333333333,1.0,1.0,0.7142857142857143,0.4,0.75
u9847,0.4647887323943662,0.6875,0.6739130434782609,0.4583333333333333,0.525,0.5333333333333333,0.4705882352941176,0.40625,0.7321428571428571,0.6166666666666667,0.2682926829268293,0.5277777777777778,0.6111111111111112,0.6111111111111112,0.45,0.5416666666666666,0.6883116883116883,0.4117647058823529,0.5294117647058824,0.4558823529411764
u99251,0.5,1.0,1.0,0.5,1.0,0.0,,,0.0,0.0,0.25,0.0,0.3333333333333333,0.0,0.0,,,0.2,,0.0
u99293,1.0,1.0,1.0,1.0,0.0,0.0,,,0.5,0.0,0.0,1.0,0.3333333333333333,1.0,0.0,,,0.6,,0.0
u99373,,,,,,,,,,,,,1.0,,,,,,,
